	-- System Access Roles
INSERT INTO [dbo].[SystemAccessRole]
(Name, IsActive) VALUES
(N'Admin', 1),
(N'Manager', 1),
(N'User', 1)


INSERT INTO [dbo].[Gender]
(Name, IsActive) VALUES
(N'Male', 1),
(N'Female', 1)


-- Employee Types
INSERT INTO [dbo].[EmployeeType]
(Name, IsActive) VALUES
(N'Salaried', 1),
(N'Permanent', 1),
(N'Contract', 1),
(N'Bank', 1)


-- Leave Types
INSERT INTO [dbo].[LeaveType]
(Name, IsActive) VALUES
(N'Annual', 1),
(N'Maternity', 1),
(N'Paternity', 1),
(N'Sick', 1)


-- Companies
INSERT INTO [dbo].[Company]
(ContactName, Name, Address, City, Postcode, Telephone, Fax, Email, IsActive) VALUES
(N'Lance Adams', N'Nouvita', N'Bramfield Road', N'Hertford', N'SG14 2JA', N'01462 490 311', N'', N'info@nouvita.co.uk', 1),
(N'Phil Massetti', N'Psycare', N'390 Hatfield Road', N'St. Albans', N'AL4 0DU', N'01727 860 805', N'', N'info@psycare.co.uk', 1),
(N'Jacky Smith', N'Broad Oak Manor', N'Bramfield Road', N'Hertford', N'SG14 2JA', N'01992 551 900', N'01992 507 950', N'info@broadoakmanor.co.uk', 1)


-- Agencies
INSERT INTO [dbo].[Agency]
(IsApproved, Name, Address, City, Postcode, Telephone, Fax, Email, IsActive) VALUES
(1, N'Agency 1', N'101 Carlton Place', N'St. Albans', N'SA3 4FG', N'01446 123 456', N'01446 654 321', N'info@agencyone.co.uk', 1),
(1, N'Agency 2', N'24 Jury St.', N'Baldock', N'SG8 4FD', N'01436 435 678', N'01436 678 435', N'info@agencytwo.co.uk', 1),
(0, N'Agency 3', N'54 Hitchin Road', N'Ware', N'SG19 5VB', N'01463 678 263', N'01463 263 678', N'info@agencythree.co.uk', 1)


-- Users
INSERT INTO [dbo].[User]
(Login, Password, Email, Firstname, Lastname, SystemAccessRoleId, IsAccountLocked, ExternalTimeSystemId, IsActive) VALUES
(N'JohnW', N'1000:cv5tAby+JSj4DtPkqYTuD6LDSjt5ipoD:HO2BIIeGwEYLc5GqKwTHWC+Bd9qPmFk3', N'john@jwise.co.uk', N'John', N'Wise', 1, 0, NULL, 1),
(N'KatherineE', N'1000:SwIfttFkAQKFElUAsib8kxsJ5p74RavX:m2JEH1Z+8HNMQmyFBODLDuR+89t1gbOp', N'katherine.eaton@nouvita.co.uk', N'Katherine', N'Eaton', 1, 0, 304, 1),
(N'PatriciaG', N'1000:SwIfttFkAQKFElUAsib8kxsJ5p74RavX:m2JEH1Z+8HNMQmyFBODLDuR+89t1gbOp', N'patricia.gotora@nouvita.co.uk', N'Patricia', N'Gotora', 3, 0, 108, 1),
(N'PatriciaK', N'1000:SwIfttFkAQKFElUAsib8kxsJ5p74RavX:m2JEH1Z+8HNMQmyFBODLDuR+89t1gbOp', N'obaapaserwaah@yahoo.com', N'Patricia', N'Kitcher', 3, 0, 191, 1),
(N'LamidiK', N'1000:SwIfttFkAQKFElUAsib8kxsJ5p74RavX:m2JEH1Z+8HNMQmyFBODLDuR+89t1gbOp', N'l.ajiboye@btinternet.com', N'Lamidi', N'Ajiboye', 3, 0, 111, 1),
(N'KariH', N'1000:SwIfttFkAQKFElUAsib8kxsJ5p74RavX:m2JEH1Z+8HNMQmyFBODLDuR+89t1gbOp', N'norwayuk@yahoo.co.uk', N'Kari', N'Hansen', 3, 0, 113, 1),
(N'BalaK', N'1000:SwIfttFkAQKFElUAsib8kxsJ5p74RavX:m2JEH1Z+8HNMQmyFBODLDuR+89t1gbOp', N'balagolf@hotmail.com', N'Bala', N'Krishnan', 3, 0, 114, 1),
(N'RebeccaMH', N'1000:SwIfttFkAQKFElUAsib8kxsJ5p74RavX:m2JEH1Z+8HNMQmyFBODLDuR+89t1gbOp', N'rebecca.mafuwe-homodza@nouvita.co.uk', N'Rebecca', N'Mafuwe-Homodza', 3, 0, 116, 1),
(N'DavidM', N'1000:SwIfttFkAQKFElUAsib8kxsJ5p74RavX:m2JEH1Z+8HNMQmyFBODLDuR+89t1gbOp', N'dmsapato@hotmail.com', N'David', N'Msapato', 3, 0, 118, 1),
(N'GraceM', N'1000:SwIfttFkAQKFElUAsib8kxsJ5p74RavX:m2JEH1Z+8HNMQmyFBODLDuR+89t1gbOp', N'gigigire@yahoo.co.uk', N'Grace', N'Mukupe', 3, 0, 119, 1),
(N'ThereseP', N'1000:SwIfttFkAQKFElUAsib8kxsJ5p74RavX:m2JEH1Z+8HNMQmyFBODLDuR+89t1gbOp', N'therese.pledger@btinternet.com', N'Therese', N'Pledger', 3, 0, 123, 1),
(N'OlawaleA', N'1000:SwIfttFkAQKFElUAsib8kxsJ5p74RavX:m2JEH1Z+8HNMQmyFBODLDuR+89t1gbOp', N'charles.akin@yahoo.com', N'Olawale', N'Akinkoye', 3, 0, 83, 1),
(N'AndrewA', N'1000:SwIfttFkAQKFElUAsib8kxsJ5p74RavX:m2JEH1Z+8HNMQmyFBODLDuR+89t1gbOp', N'audirs5quattro@icloud.com', N'Andrew', N'Allen', 3, 0, 84, 1),
(N'LianneB', N'1000:SwIfttFkAQKFElUAsib8kxsJ5p74RavX:m2JEH1Z+8HNMQmyFBODLDuR+89t1gbOp', N'lianne.blackwell@live.co.uk', N'Lianne', N'Blackwell', 3, 0, 85, 1),
(N'LidyaK', N'1000:SwIfttFkAQKFElUAsib8kxsJ5p74RavX:m2JEH1Z+8HNMQmyFBODLDuR+89t1gbOp', N'lidya.kagir@nouvita.co.uk', N'Lidya', N'Kagir', 3, 0, 88, 1),
(N'DeborahL', N'1000:SwIfttFkAQKFElUAsib8kxsJ5p74RavX:m2JEH1Z+8HNMQmyFBODLDuR+89t1gbOp', N'deborah.lea@nouvita.co.uk', N'Deborah', N'Lea', 3, 0, 89, 1),
(N'MeganL', N'1000:SwIfttFkAQKFElUAsib8kxsJ5p74RavX:m2JEH1Z+8HNMQmyFBODLDuR+89t1gbOp', N'megan.lewis@nouvita.co.uk', N'Megan', N'Lewis', 3, 0, 90, 1),
(N'TanuM', N'1000:SwIfttFkAQKFElUAsib8kxsJ5p74RavX:m2JEH1Z+8HNMQmyFBODLDuR+89t1gbOp', N'tanu.munesti@gmail.com', N'Tanunurwa', N'Munetsi', 3, 0, 92, 1),
(N'PeterO', N'1000:SwIfttFkAQKFElUAsib8kxsJ5p74RavX:m2JEH1Z+8HNMQmyFBODLDuR+89t1gbOp', N'ayokunnupet@yahoo.co.uk', N'Peter', N'Ogunjinmi', 3, 0, 95, 1),
(N'JoanP', N'1000:SwIfttFkAQKFElUAsib8kxsJ5p74RavX:m2JEH1Z+8HNMQmyFBODLDuR+89t1gbOp', N'joanparris61@yahoo.co.uk', N'Joan', N'Parris', 3, 0, 96, 1),
(N'SamisR', N'1000:SwIfttFkAQKFElUAsib8kxsJ5p74RavX:m2JEH1Z+8HNMQmyFBODLDuR+89t1gbOp', N'rashidsamis@gmail.com', N'Samis', N'Rashid', 3, 0, 97, 1),
(N'RobertS', N'1000:SwIfttFkAQKFElUAsib8kxsJ5p74RavX:m2JEH1Z+8HNMQmyFBODLDuR+89t1gbOp', N'seabrookrobert@yahoo.com', N'Robert', N'Seabrook', 3, 0, 98, 1),
(N'JoanneT', N'1000:SwIfttFkAQKFElUAsib8kxsJ5p74RavX:m2JEH1Z+8HNMQmyFBODLDuR+89t1gbOp', N'jo.taylor@sky.com', N'Joanne', N'Taylor', 3, 0, 99, 1),
(N'GiftV', N'1000:SwIfttFkAQKFElUAsib8kxsJ5p74RavX:m2JEH1Z+8HNMQmyFBODLDuR+89t1gbOp', N'gift.vambe@gmail.com', N'Gift', N'Vambe', 3, 0, 100, 1),
(N'MargaretW', N'1000:SwIfttFkAQKFElUAsib8kxsJ5p74RavX:m2JEH1Z+8HNMQmyFBODLDuR+89t1gbOp', N'margaret.willson@nouvita.co.uk', N'Margaret', N'Wilson', 3, 0, 102, 1),
(N'HeatherE', N'1000:SwIfttFkAQKFElUAsib8kxsJ5p74RavX:m2JEH1Z+8HNMQmyFBODLDuR+89t1gbOp', N'flossy55@hotmail.com', N'Heather', N'Emery', 3, 0, 106, 1),
(N'LornaH', N'1000:SwIfttFkAQKFElUAsib8kxsJ5p74RavX:m2JEH1Z+8HNMQmyFBODLDuR+89t1gbOp', N'lorna.hibberd@nouvita.co.uk', N'Lorna', N'Hibberd', 3, 0, 107, 1),
(N'BhekiP', N'1000:SwIfttFkAQKFElUAsib8kxsJ5p74RavX:m2JEH1Z+8HNMQmyFBODLDuR+89t1gbOp', N'mampinyambs@aol.com', N'Bheki', N'Perelion', 3, 0, 122, 1),
(N'LoraineS', N'1000:SwIfttFkAQKFElUAsib8kxsJ5p74RavX:m2JEH1Z+8HNMQmyFBODLDuR+89t1gbOp', N'loraine.smith@nouvita.co.uk', N'Loraine', N'Smith', 3, 0, 305, 1),
(N'FionaW', N'1000:SwIfttFkAQKFElUAsib8kxsJ5p74RavX:m2JEH1Z+8HNMQmyFBODLDuR+89t1gbOp', N'fiona_western@hotmail.co.uk', N'Fiona', N'Western', 3, 0, 104, 1),
(N'TennysonK', N'1000:SwIfttFkAQKFElUAsib8kxsJ5p74RavX:m2JEH1Z+8HNMQmyFBODLDuR+89t1gbOp', N'tkaseke3@gmail.com', N'Tennyson', N'Kaseke', 3, 0, 65, 1),
(N'GodfreyM', N'1000:SwIfttFkAQKFElUAsib8kxsJ5p74RavX:m2JEH1Z+8HNMQmyFBODLDuR+89t1gbOp', N'godfrey.masuka@nouvita.co.uk', N'Godfrey', N'Masuka', 3, 0, 117, 1),
(N'StephenD', N'1000:SwIfttFkAQKFElUAsib8kxsJ5p74RavX:m2JEH1Z+8HNMQmyFBODLDuR+89t1gbOp', N'stephen.d18@gmail.com', N'Stephen', N'Davis', 3, 0, 189, 1),
(N'PatrickM', N'1000:SwIfttFkAQKFElUAsib8kxsJ5p74RavX:m2JEH1Z+8HNMQmyFBODLDuR+89t1gbOp', N'jomba72@hotmail.co.uk', N'Patrick', N'Mburu', 3, 0, 93, 1),
(N'CarolyneC', N'1000:SwIfttFkAQKFElUAsib8kxsJ5p74RavX:m2JEH1Z+8HNMQmyFBODLDuR+89t1gbOp', N'carolyne.coenen@yahoo.co.uk', N'Carolyne', N'Coenen', 3, 0, 112, 1),
(N'JacintaN', N'1000:SwIfttFkAQKFElUAsib8kxsJ5p74RavX:m2JEH1Z+8HNMQmyFBODLDuR+89t1gbOp', N'jacinta.origbe@nouvita.co.uk', N'Jacinta', N'Neilson', 3, 0, 182, 1),
(N'DanielleG', N'1000:SwIfttFkAQKFElUAsib8kxsJ5p74RavX:m2JEH1Z+8HNMQmyFBODLDuR+89t1gbOp', N'danielle.gaunt@nouvita.co.uk', N'Danielle', N'Gaunt', 3, 0, 177, 1),
(N'AndreaJ', N'1000:SwIfttFkAQKFElUAsib8kxsJ5p74RavX:m2JEH1Z+8HNMQmyFBODLDuR+89t1gbOp', N'andreajones493@yahoo.com', N'Andrea', N'Jones', 3, 0, 158, 1),
(N'AndrewD', N'1000:SwIfttFkAQKFElUAsib8kxsJ5p74RavX:m2JEH1Z+8HNMQmyFBODLDuR+89t1gbOp', N'andrew.dent@nouvita.co.uk', N'Andrew', N'Dent', 3, 0, 175, 1),
(N'EmiliahM', N'1000:SwIfttFkAQKFElUAsib8kxsJ5p74RavX:m2JEH1Z+8HNMQmyFBODLDuR+89t1gbOp', N'emiemuradzikwa@yahoo.co.uk', N'Emiliah', N'Muradzikwa', 3, 0, 181, 1),
(N'AmakaE', N'1000:SwIfttFkAQKFElUAsib8kxsJ5p74RavX:m2JEH1Z+8HNMQmyFBODLDuR+89t1gbOp', N'amyeleanya@hotmail.co.uk', N'Amaka', N'Eleanya', 3, 0, 176, 1),
(N'AmakaE', N'1000:SwIfttFkAQKFElUAsib8kxsJ5p74RavX:m2JEH1Z+8HNMQmyFBODLDuR+89t1gbOp', N'thelmamugovera@yahoo.co.uk', N'Thelma', N'Mugovera', 3, 0, 180, 1),
(N'AngelicaQ', N'1000:SwIfttFkAQKFElUAsib8kxsJ5p74RavX:m2JEH1Z+8HNMQmyFBODLDuR+89t1gbOp', N'angelicaquadir@hotmail.com', N'Angelica', N'Quadir', 3, 0, 134, 1),
(N'KatharineS', N'1000:SwIfttFkAQKFElUAsib8kxsJ5p74RavX:m2JEH1Z+8HNMQmyFBODLDuR+89t1gbOp', N'kls73@msn.com', N'Katharine', N'Scambler', 3, 0, 183, 1),
(N'AvrilR', N'1000:SwIfttFkAQKFElUAsib8kxsJ5p74RavX:m2JEH1Z+8HNMQmyFBODLDuR+89t1gbOp', N'avril.reynolds@nouvita.co.uk', N'Avril', N'Reynolds', 3, 0, 185, 1),
(N'CharlotteW', N'1000:SwIfttFkAQKFElUAsib8kxsJ5p74RavX:m2JEH1Z+8HNMQmyFBODLDuR+89t1gbOp', N'charlotte.wilson@nouvita.co.uk', N'Charlotte', N'Wilson', 3, 0, 137, 1),
(N'GemmaG', N'1000:SwIfttFkAQKFElUAsib8kxsJ5p74RavX:m2JEH1Z+8HNMQmyFBODLDuR+89t1gbOp', N'gemma.gould@nouvita.co.uk', N'Gemma', N'Gould', 3, 0, 138, 1),
(N'LeianM', N'1000:SwIfttFkAQKFElUAsib8kxsJ5p74RavX:m2JEH1Z+8HNMQmyFBODLDuR+89t1gbOp', N'leian.madden@nouvita.co.uk', N'Leian', N'Madden', 3, 0, 132, 1),
(N'NatalieG', N'1000:SwIfttFkAQKFElUAsib8kxsJ5p74RavX:m2JEH1Z+8HNMQmyFBODLDuR+89t1gbOp', N'natalie_galvani@hotmail.com', N'Natalie', N'Galvani', 3, 0, 127, 1),
(N'PraiseH', N'1000:SwIfttFkAQKFElUAsib8kxsJ5p74RavX:m2JEH1Z+8HNMQmyFBODLDuR+89t1gbOp', N'phwapunga@yahoo.com', N'Praise', N'Hwapunga', 3, 0, 131, 1),
(N'KirstyR', N'1000:SwIfttFkAQKFElUAsib8kxsJ5p74RavX:m2JEH1Z+8HNMQmyFBODLDuR+89t1gbOp', N'kirsty_ryan93@hotmail.co.uk', N'Kirsty', N'Ryan', 3, 0, 135, 1),
(N'CharlotteA', N'1000:SwIfttFkAQKFElUAsib8kxsJ5p74RavX:m2JEH1Z+8HNMQmyFBODLDuR+89t1gbOp', N'ca.adams@ymail.com', N'Charlotte', N'Adams', 3, 0, 186, 1),
(N'PriyaB', N'1000:SwIfttFkAQKFElUAsib8kxsJ5p74RavX:m2JEH1Z+8HNMQmyFBODLDuR+89t1gbOp', N'priyaban9@gmail.com', N'Sunanda Priya', N'Bandaranayake', 3, 0, 124, 1),
(N'TracyW', N'1000:SwIfttFkAQKFElUAsib8kxsJ5p74RavX:m2JEH1Z+8HNMQmyFBODLDuR+89t1gbOp', N'holisticwish@hotmail.co.uk', N'Tracy', N'Waxman', 3, 0, 136, 1),
(N'JarkaS', N'1000:SwIfttFkAQKFElUAsib8kxsJ5p74RavX:m2JEH1Z+8HNMQmyFBODLDuR+89t1gbOp', N'jaroslava.lovasova@yahoo.co.uk', N'Jarka', N'Smith', 3, 0, 156, 1),
(N'JokeO', N'1000:SwIfttFkAQKFElUAsib8kxsJ5p74RavX:m2JEH1Z+8HNMQmyFBODLDuR+89t1gbOp', N'joke.oke@nouvita.co.uk', N'Joke', N'Oke', 3, 0, 303, 1),
(N'LizweM', N'1000:SwIfttFkAQKFElUAsib8kxsJ5p74RavX:m2JEH1Z+8HNMQmyFBODLDuR+89t1gbOp', N'lizwe.mabandla@nouvita.co.uk', N'Lizwe', N'Mabandla', 3, 0, 115, 1),
(N'DarrenH', N'1000:SwIfttFkAQKFElUAsib8kxsJ5p74RavX:m2JEH1Z+8HNMQmyFBODLDuR+89t1gbOp', N'darren.hammond@nouvita.co.uk', N'Darren', N'Hammond', 3, 0, 130, 1),
(N'JennyS', N'1000:SwIfttFkAQKFElUAsib8kxsJ5p74RavX:m2JEH1Z+8HNMQmyFBODLDuR+89t1gbOp', N'jenny.sayer@nouvita.co.uk', N'Jenny', N'Sayer', 3, 0, 302, 1),
(N'MartinS', N'1000:SwIfttFkAQKFElUAsib8kxsJ5p74RavX:m2JEH1Z+8HNMQmyFBODLDuR+89t1gbOp', N'martinskinner42@gmail.com', N'Martin', N'Skinner', 2, 0, 194, 1),
(N'RonnieM', N'1000:SwIfttFkAQKFElUAsib8kxsJ5p74RavX:m2JEH1Z+8HNMQmyFBODLDuR+89t1gbOp', N'ronniematsa@gmail.com', N'Ronnie', N'Matsa', 3, 0, 193, 1),
(N'WendyB', N'1000:SwIfttFkAQKFElUAsib8kxsJ5p74RavX:m2JEH1Z+8HNMQmyFBODLDuR+89t1gbOp', N'wendybenford123@hotmail.com', N'Wendy', N'Benford', 3, 0, 188, 1),
(N'ChristineB', N'1000:SwIfttFkAQKFElUAsib8kxsJ5p74RavX:m2JEH1Z+8HNMQmyFBODLDuR+89t1gbOp', N'chrissiebarker@hotmail.co.uk', N'Christine', N'Barker', 3, 0, 187, 1),
(N'BongiweN', N'1000:SwIfttFkAQKFElUAsib8kxsJ5p74RavX:m2JEH1Z+8HNMQmyFBODLDuR+89t1gbOp', N'bongiwe.ntambo@nouvita.co.uk', N'Bongiwe', N'Ntambo', 3, 0, 72, 1),
(N'FungayiS', N'1000:SwIfttFkAQKFElUAsib8kxsJ5p74RavX:m2JEH1Z+8HNMQmyFBODLDuR+89t1gbOp', N'fungayi.sumani@nouvita.co.uk', N'Fungayi', N'Sumani', 3, 0, 76, 1),
(N'PhildahC', N'1000:SwIfttFkAQKFElUAsib8kxsJ5p74RavX:m2JEH1Z+8HNMQmyFBODLDuR+89t1gbOp', N'phildahc@hotmail.com', N'Phildah', N'Chifamba', 3, 0, 59, 1),
(N'VeronicaA', N'1000:SwIfttFkAQKFElUAsib8kxsJ5p74RavX:m2JEH1Z+8HNMQmyFBODLDuR+89t1gbOp', N'olufunkeadewuyi@yahoo.co.uk', N'Veronica', N'Adewuyi', 3, 0, 58, 1),
(N'AlbertM', N'1000:SwIfttFkAQKFElUAsib8kxsJ5p74RavX:m2JEH1Z+8HNMQmyFBODLDuR+89t1gbOp', N'besthr@hotmail.com', N'Albert', N'Matibe', 3, 0, 33, 1),
(N'NealJ', N'1000:SwIfttFkAQKFElUAsib8kxsJ5p74RavX:m2JEH1Z+8HNMQmyFBODLDuR+89t1gbOp', N'neal.jeffery@nouvita.co.uk', N'Neal', N'Jeffery', 3, 0, 28, 1),
(N'MichaelR', N'1000:SwIfttFkAQKFElUAsib8kxsJ5p74RavX:m2JEH1Z+8HNMQmyFBODLDuR+89t1gbOp', N'tyno13@hotmail.co.uk', N'Michael', N'Rudenya', 3, 0, 43, 1),
(N'NathanS', N'1000:SwIfttFkAQKFElUAsib8kxsJ5p74RavX:m2JEH1Z+8HNMQmyFBODLDuR+89t1gbOp', N'nathanshava@yahoo.com', N'Nathan', N'Shava', 3, 0, 45, 1),
(N'SofieD', N'1000:SwIfttFkAQKFElUAsib8kxsJ5p74RavX:m2JEH1Z+8HNMQmyFBODLDuR+89t1gbOp', N'sofie_sd@live.co.uk', N'Sofie', N'Dimmock', 3, 0, 19, 1),
(N'VictoriaF', N'1000:SwIfttFkAQKFElUAsib8kxsJ5p74RavX:m2JEH1Z+8HNMQmyFBODLDuR+89t1gbOp', N'vfafore@yahoo.com', N'Victoria', N'Fafore', 3, 0, 22, 1),
(N'JosephO', N'1000:SwIfttFkAQKFElUAsib8kxsJ5p74RavX:m2JEH1Z+8HNMQmyFBODLDuR+89t1gbOp', N'ikechukwu2k1@yahoo.com', N'Joseph', N'Osadi', 3, 0, 39, 1),
(N'GabrielI', N'1000:SwIfttFkAQKFElUAsib8kxsJ5p74RavX:m2JEH1Z+8HNMQmyFBODLDuR+89t1gbOp', N'gabrodige@yahoo.com', N'Gabriel', N'Ige', 3, 0, 148, 1),
(N'SophieF', N'1000:SwIfttFkAQKFElUAsib8kxsJ5p74RavX:m2JEH1Z+8HNMQmyFBODLDuR+89t1gbOp', N'sofiefletcher@icloud.com', N'Sophie', N'Fletcher', 3, 0, 23, 1),
(N'BradleyP', N'1000:SwIfttFkAQKFElUAsib8kxsJ5p74RavX:m2JEH1Z+8HNMQmyFBODLDuR+89t1gbOp', N'bdpoku@hotmail.com', N'Bradley', N'Poku', 3, 0, 41, 1),
(N'TafadzwaM', N'1000:SwIfttFkAQKFElUAsib8kxsJ5p74RavX:m2JEH1Z+8HNMQmyFBODLDuR+89t1gbOp', N'taffy187@icloud.com', N'Tafadzwa', N'Manyenga', 3, 0, 32, 1),
(N'EmtonS', N'1000:SwIfttFkAQKFElUAsib8kxsJ5p74RavX:m2JEH1Z+8HNMQmyFBODLDuR+89t1gbOp', N'onefootskenk77@gmail.com', N'Emton', N'Sarangeta', 3, 0, 44, 1),
(N'GraceK', N'1000:SwIfttFkAQKFElUAsib8kxsJ5p74RavX:m2JEH1Z+8HNMQmyFBODLDuR+89t1gbOp', N'gracekoti@rocketmail.com', N'Grace', N'Koti', 3, 0, 166, 1),
(N'MichaelZ', N'1000:SwIfttFkAQKFElUAsib8kxsJ5p74RavX:m2JEH1Z+8HNMQmyFBODLDuR+89t1gbOp', N'michael.zinaka@nouvita.co.uk', N'Michael', N'Zinaka', 3, 0, 173, 1),
(N'TheresaM', N'1000:SwIfttFkAQKFElUAsib8kxsJ5p74RavX:m2JEH1Z+8HNMQmyFBODLDuR+89t1gbOp', N'therrycheese@yahoo.com', N'Theresa', N'Mutizira', 3, 0, 170, 1),
(N'ShaleenM', N'1000:SwIfttFkAQKFElUAsib8kxsJ5p74RavX:m2JEH1Z+8HNMQmyFBODLDuR+89t1gbOp', N'shaleenmoyo@yahoo.co.uk', N'Shaleen', N'Moyo', 3, 0, 169, 1),
(N'NoziphoS', N'1000:SwIfttFkAQKFElUAsib8kxsJ5p74RavX:m2JEH1Z+8HNMQmyFBODLDuR+89t1gbOp', N'no.zipho@hotmail.co.uk', N'Nozipho', N'Sithole', 3, 0, 171, 1),
(N'SiphoT', N'1000:SwIfttFkAQKFElUAsib8kxsJ5p74RavX:m2JEH1Z+8HNMQmyFBODLDuR+89t1gbOp', N'sipho.tibe@nouvita.co.uk', N'Sipho', N'Tibe', 3, 0, 78, 1),
(N'GreyK', N'1000:SwIfttFkAQKFElUAsib8kxsJ5p74RavX:m2JEH1Z+8HNMQmyFBODLDuR+89t1gbOp', N'grey62@hotmail.com', N'Grey', N'Katurura', 3, 0, 149, 1),
(N'DeborahG', N'1000:SwIfttFkAQKFElUAsib8kxsJ5p74RavX:m2JEH1Z+8HNMQmyFBODLDuR+89t1gbOp', N'deborah.gamble@nouvita.co.uk', N'Deborah', N'Gamble', 3, 0, 147, 1),
(N'NokuthabaN', N'1000:SwIfttFkAQKFElUAsib8kxsJ5p74RavX:m2JEH1Z+8HNMQmyFBODLDuR+89t1gbOp', N'nokuthaba.nyoni@nouvita.co.uk', N'Nokuthaba', N'Nyoni', 3, 0, 153, 1),
(N'JudithC', N'1000:SwIfttFkAQKFElUAsib8kxsJ5p74RavX:m2JEH1Z+8HNMQmyFBODLDuR+89t1gbOp', N'judithchowa@yahoo.com', N'Judith', N'Chowa', 3, 0, 145, 1),
(N'ChidinmaN', N'1000:SwIfttFkAQKFElUAsib8kxsJ5p74RavX:m2JEH1Z+8HNMQmyFBODLDuR+89t1gbOp', N'chycho4real@yahoo.com', N'Chidinma', N'Nwaulu', 3, 0, 152, 1),
(N'IsaacS', N'1000:SwIfttFkAQKFElUAsib8kxsJ5p74RavX:m2JEH1Z+8HNMQmyFBODLDuR+89t1gbOp', N'isaacstevens@hotmail.com', N'Isaac', N'Stevens', 3, 0, 172, 1),
(N'BathiniT', N'1000:SwIfttFkAQKFElUAsib8kxsJ5p74RavX:m2JEH1Z+8HNMQmyFBODLDuR+89t1gbOp', N'bathinifirst@gmail.com', N'Bathini', N'Thissera', 3, 0, 157, 1),
(N'AbayomiA', N'1000:SwIfttFkAQKFElUAsib8kxsJ5p74RavX:m2JEH1Z+8HNMQmyFBODLDuR+89t1gbOp', N'abayomi.alalade@nouvita.co.uk', N'Abayomi', N'Alalade', 3, 0, 9, 1),
(N'AmilaH', N'1000:SwIfttFkAQKFElUAsib8kxsJ5p74RavX:m2JEH1Z+8HNMQmyFBODLDuR+89t1gbOp', N'amilanayanajith@yahoo.com', N'Amila', N'Huruggamuwa', 3, 0, 161, 1),
(N'CaleyB', N'1000:SwIfttFkAQKFElUAsib8kxsJ5p74RavX:m2JEH1Z+8HNMQmyFBODLDuR+89t1gbOp', N'caley.bennett@nouvita.co.uk', N'Caley', N'Bennett', 3, 0, 140, 1),
(N'AbimbolaO', N'1000:SwIfttFkAQKFElUAsib8kxsJ5p74RavX:m2JEH1Z+8HNMQmyFBODLDuR+89t1gbOp', N'abimbola.obatayo@nouvita.co.uk', N'Abimbola', N'Obatayo', 3, 0, 203, 1),
(N'JoshuaT', N'1000:SwIfttFkAQKFElUAsib8kxsJ5p74RavX:m2JEH1Z+8HNMQmyFBODLDuR+89t1gbOp', N'joshtothill@gmail.com', N'Joshua', N'Tothill', 3, 0, 195, 1),
(N'AlisonW', N'1000:SwIfttFkAQKFElUAsib8kxsJ5p74RavX:m2JEH1Z+8HNMQmyFBODLDuR+89t1gbOp', N'a.wragg@nouvita.co.uk', N'Alison', N'Wragg', 3, 0, 200, 1),
(N'RitaI', N'1000:SwIfttFkAQKFElUAsib8kxsJ5p74RavX:m2JEH1Z+8HNMQmyFBODLDuR+89t1gbOp', N'ritoyibo@yahoo.co.uk', N'Rita', N'Iwenjiora', 3, 0, 64, 1),
(N'NobubeloM', N'1000:SwIfttFkAQKFElUAsib8kxsJ5p74RavX:m2JEH1Z+8HNMQmyFBODLDuR+89t1gbOp', N'nmoyo2007@gmail.com', N'Nobubelo', N'Moyo', 3, 0, 70, 1),
(N'JaisonO', N'1000:SwIfttFkAQKFElUAsib8kxsJ5p74RavX:m2JEH1Z+8HNMQmyFBODLDuR+89t1gbOp', N'jaison.oliver@nouvita.co.uk', N'Jaison', N'Oliver', 3, 0, 73, 1),
(N'AnjericoR', N'1000:SwIfttFkAQKFElUAsib8kxsJ5p74RavX:m2JEH1Z+8HNMQmyFBODLDuR+89t1gbOp', N'akrudenya@yahoo.com', N'Anjerico', N'Rudenya', 3, 0, 74, 1),
(N'GladysT', N'1000:SwIfttFkAQKFElUAsib8kxsJ5p74RavX:m2JEH1Z+8HNMQmyFBODLDuR+89t1gbOp', N'gtaylor1069@yahoo.co.uk', N'Gladys', N'Taylor', 3, 0, 77, 1),
(N'NirmalaT', N'1000:SwIfttFkAQKFElUAsib8kxsJ5p74RavX:m2JEH1Z+8HNMQmyFBODLDuR+89t1gbOp', N'malatooray@hotmail.co.uk', N'Nirmala', N'Tooray', 3, 0, 79, 1),
(N'KellyA', N'1000:SwIfttFkAQKFElUAsib8kxsJ5p74RavX:m2JEH1Z+8HNMQmyFBODLDuR+89t1gbOp', N'kelly.appoh@nouvita.co.uk', N'Kelly', N'Appoh', 3, 0, 10, 1),
(N'DavidC', N'1000:SwIfttFkAQKFElUAsib8kxsJ5p74RavX:m2JEH1Z+8HNMQmyFBODLDuR+89t1gbOp', N'chinakedavidt@yahoo.co.uk', N'David', N'Chinake', 3, 0, 17, 1),
(N'DominicD', N'1000:SwIfttFkAQKFElUAsib8kxsJ5p74RavX:m2JEH1Z+8HNMQmyFBODLDuR+89t1gbOp', N'dominic.dube@nouvita.co.uk', N'Dominic', N'Dube', 3, 0, 20, 1),
(N'SarahE', N'1000:SwIfttFkAQKFElUAsib8kxsJ5p74RavX:m2JEH1Z+8HNMQmyFBODLDuR+89t1gbOp', N'sarah.eveleigh@yahoo.co.uk', N'Sarah', N'Eveleigh', 3, 0, 21, 1),
(N'WendyG', N'1000:SwIfttFkAQKFElUAsib8kxsJ5p74RavX:m2JEH1Z+8HNMQmyFBODLDuR+89t1gbOp', N'wendy.glasscock@nouvita.co.uk', N'Wendy', N'Glasscock', 3, 0, 24, 1),
(N'SmolleyG', N'1000:SwIfttFkAQKFElUAsib8kxsJ5p74RavX:m2JEH1Z+8HNMQmyFBODLDuR+89t1gbOp', N'smolleydennit@hotmail.co.uk', N'Smolley', N'Gosho', 3, 0, 25, 1),
(N'BenjaminH', N'1000:SwIfttFkAQKFElUAsib8kxsJ5p74RavX:m2JEH1Z+8HNMQmyFBODLDuR+89t1gbOp', N'benjamin.harrowing@nouvita.co.uk', N'Benjamin', N'Harrowing', 3, 0, 26, 1),
(N'CephasH', N'1000:SwIfttFkAQKFElUAsib8kxsJ5p74RavX:m2JEH1Z+8HNMQmyFBODLDuR+89t1gbOp', N'chodonu@yahoo.com', N'Cephas', N'Hodonu', 3, 0, 27, 1),
(N'OyetolK', N'1000:SwIfttFkAQKFElUAsib8kxsJ5p74RavX:m2JEH1Z+8HNMQmyFBODLDuR+89t1gbOp', N'oyetolakunrunmi@ymail.co.uk', N'Oyetola', N'Kunrunmi', 3, 0, 29, 1),
(N'MollyL', N'1000:SwIfttFkAQKFElUAsib8kxsJ5p74RavX:m2JEH1Z+8HNMQmyFBODLDuR+89t1gbOp', N'mollylungu@yahoo.com', N'Molly', N'Lungu', 3, 0, 30, 1),
(N'BelsonM', N'1000:SwIfttFkAQKFElUAsib8kxsJ5p74RavX:m2JEH1Z+8HNMQmyFBODLDuR+89t1gbOp', N'bmatonjeni@yahoo.co.uk', N'Belson', N'Matojeni', 3, 0, 34, 1),
(N'HowardN', N'1000:SwIfttFkAQKFElUAsib8kxsJ5p74RavX:m2JEH1Z+8HNMQmyFBODLDuR+89t1gbOp', N'howardngwenya@yahoo.com', N'Howard', N'Ngwenya', 3, 0, 36, 1),
(N'IshmaelO', N'1000:SwIfttFkAQKFElUAsib8kxsJ5p74RavX:m2JEH1Z+8HNMQmyFBODLDuR+89t1gbOp', N'iodonkor@yahoo.com', N'Ishmael', N'Odonkor', 3, 0, 37, 1),
(N'BarrettO', N'1000:SwIfttFkAQKFElUAsib8kxsJ5p74RavX:m2JEH1Z+8HNMQmyFBODLDuR+89t1gbOp', N'batach@hotmail.com', N'Barrett', N'Ohene-Twum', 3, 0, 38, 1),
(N'MathisU', N'1000:SwIfttFkAQKFElUAsib8kxsJ5p74RavX:m2JEH1Z+8HNMQmyFBODLDuR+89t1gbOp', N'ugo.mnelson@gmail.com', N'Mathis', N'Ugo', 3, 0, 47, 1),
(N'ObianujuU', N'1000:SwIfttFkAQKFElUAsib8kxsJ5p74RavX:m2JEH1Z+8HNMQmyFBODLDuR+89t1gbOp', N'juceebox4ever@yahoo.com', N'Obianuju', N'Ugo', 3, 0, 48, 1),
(N'ClaireD', N'1000:SwIfttFkAQKFElUAsib8kxsJ5p74RavX:m2JEH1Z+8HNMQmyFBODLDuR+89t1gbOp', N'claire_bearz@hotmail.co.uk', N'Claire', N'Dimmock', 3, 0, 52, 1),
(N'SiobhanH', N'1000:SwIfttFkAQKFElUAsib8kxsJ5p74RavX:m2JEH1Z+8HNMQmyFBODLDuR+89t1gbOp', N'siobhan_harrison@live.co.uk', N'Siobhan', N'Harrison', 3, 0, 49, 1),
(N'KarlW', N'1000:SwIfttFkAQKFElUAsib8kxsJ5p74RavX:m2JEH1Z+8HNMQmyFBODLDuR+89t1gbOp', N'karl.ward@nouvita.co.uk', N'Karl', N'Ward', 3, 0, 50, 1),
(N'MandyW', N'1000:SwIfttFkAQKFElUAsib8kxsJ5p74RavX:m2JEH1Z+8HNMQmyFBODLDuR+89t1gbOp', N'mandy.willis@nouvita.co.uk', N'Mandy', N'Willis', 3, 0, 51, 1),
(N'EmmaG', N'1000:SwIfttFkAQKFElUAsib8kxsJ5p74RavX:m2JEH1Z+8HNMQmyFBODLDuR+89t1gbOp', N'emma.gossington2@hotmail.co.uk', N'Emma', N'Gossington', 3, 0, 128, 1),
(N'ElizabethB', N'1000:SwIfttFkAQKFElUAsib8kxsJ5p74RavX:m2JEH1Z+8HNMQmyFBODLDuR+89t1gbOp', N'elizabeth.blythe@nouvita.co.uk', N'Elizabeth', N'Blythe', 3, 0, 198, 1),
(N'JennyD', N'1000:SwIfttFkAQKFElUAsib8kxsJ5p74RavX:m2JEH1Z+8HNMQmyFBODLDuR+89t1gbOp', N'jenny.doe@nouvita.co.uk', N'Jenny', N'Doe', 3, 0, 199, 1),
(N'VijayakumaranK', N'1000:SwIfttFkAQKFElUAsib8kxsJ5p74RavX:m2JEH1Z+8HNMQmyFBODLDuR+89t1gbOp', N'vijayakumaran.kuttampoil@nouvita.co.uk', N'Vijayakumaran', N'Kuttampoil', 3, 0, 81, 1),
(N'SandraP', N'1000:SwIfttFkAQKFElUAsib8kxsJ5p74RavX:m2JEH1Z+8HNMQmyFBODLDuR+89t1gbOp', N'sandra.parsons@nouvita.co.uk', N'Sandra', N'Parsons', 3, 0, 54, 1),
(N'KirstieS', N'1000:SwIfttFkAQKFElUAsib8kxsJ5p74RavX:m2JEH1Z+8HNMQmyFBODLDuR+89t1gbOp', N'kirstie.smith@nouvita.co.uk', N'Kirstie', N'Smith', 3, 0, 82, 1),
(N'AroshiniW', N'1000:SwIfttFkAQKFElUAsib8kxsJ5p74RavX:m2JEH1Z+8HNMQmyFBODLDuR+89t1gbOp', N'aroshini.wijetunge@nouvita.co.uk', N'Aroshini', N'Wijetunge', 3, 0, 56, 1),
(N'TendaiC', N'1000:SwIfttFkAQKFElUAsib8kxsJ5p74RavX:m2JEH1Z+8HNMQmyFBODLDuR+89t1gbOp', N'tendaic@hotmail.com', N'Tendai', N'Chihota', 3, 0, 16, 1),
(N'BosedeA', N'1000:SwIfttFkAQKFElUAsib8kxsJ5p74RavX:m2JEH1Z+8HNMQmyFBODLDuR+89t1gbOp', N'bosede.adebayo@nouvita.co.uk', N'Bosede', N'Adebayo', 3, 0, 201, 1),
(N'MonsuratA', N'1000:SwIfttFkAQKFElUAsib8kxsJ5p74RavX:m2JEH1Z+8HNMQmyFBODLDuR+89t1gbOp', N'monsurat.ajasa@yahoo.co.uk', N'Monsurat', N'Ajasa', 3, 0, 1004, 1),
(N'KarenC', N'1000:SwIfttFkAQKFElUAsib8kxsJ5p74RavX:m2JEH1Z+8HNMQmyFBODLDuR+89t1gbOp', N'bosede.adebayo@nouvita.co.uk', N'Karen', N'Cattley', 3, 0, 15, 1),
(N'JosephD', N'1000:SwIfttFkAQKFElUAsib8kxsJ5p74RavX:m2JEH1Z+8HNMQmyFBODLDuR+89t1gbOp', N'joseph.dunlop@nouvita.co.uk', N'Joseph', N'Dunlop', 3, 0, 146, 1),
(N'LeslieFM', N'1000:SwIfttFkAQKFElUAsib8kxsJ5p74RavX:m2JEH1Z+8HNMQmyFBODLDuR+89t1gbOp', N'leslie.francis-macrae@nouvita.co.uk', N'Leslie', N'Francis-Macrae', 3, 0, 160, 1),
(N'AubreyM', N'1000:SwIfttFkAQKFElUAsib8kxsJ5p74RavX:m2JEH1Z+8HNMQmyFBODLDuR+89t1gbOp', N'aubs_95@icloud.com', N'Aubrey', N'Mamvura', 3, 0, 31, 1),
(N'YoliswaM', N'1000:SwIfttFkAQKFElUAsib8kxsJ5p74RavX:m2JEH1Z+8HNMQmyFBODLDuR+89t1gbOp', N'yoliswa.mavovana@nouvita.co.uk', N'Yoliswa', N'Mavovana', 3, 0, 168, 1),
(N'DahliaP', N'1000:SwIfttFkAQKFElUAsib8kxsJ5p74RavX:m2JEH1Z+8HNMQmyFBODLDuR+89t1gbOp', N'dahlia.palmer@yahoo.com', N'Dahlia', N'Palmer', 3, 0, 40, 1),
(N'FelixM', N'1000:SwIfttFkAQKFElUAsib8kxsJ5p74RavX:m2JEH1Z+8HNMQmyFBODLDuR+89t1gbOp', N'felixmanyeku@yahoo.com', N'Felix Tapiwa', N'Manyeku', 3, 0, 192, 1),
(N'KennedyM', N'1000:SwIfttFkAQKFElUAsib8kxsJ5p74RavX:m2JEH1Z+8HNMQmyFBODLDuR+89t1gbOp', N'kenmapira@yahoo.com', N'Kennedy', N'Mapira', 3, 0, 91, 1),
(N'IsabelM', N'1000:SwIfttFkAQKFElUAsib8kxsJ5p74RavX:m2JEH1Z+8HNMQmyFBODLDuR+89t1gbOp', N'isabel.mukonoweshuro@nouvita.co.uk', N'Isabel', N'Mukonoweshuro', 3, 0, 159, 1),
(N'OliviaN', N'1000:SwIfttFkAQKFElUAsib8kxsJ5p74RavX:m2JEH1Z+8HNMQmyFBODLDuR+89t1gbOp', N'olivia.ndoro@nouvita.co.uk', N'Olivia', N'Ndoro', 3, 0, 120, 1),
(N'AlastairT', N'1000:SwIfttFkAQKFElUAsib8kxsJ5p74RavX:m2JEH1Z+8HNMQmyFBODLDuR+89t1gbOp', N'alex.tansley08@gmail.com', N'Alastair', N'Tansley', 3, 0, 184, 1),
(N'SusanB', N'1000:SwIfttFkAQKFElUAsib8kxsJ5p74RavX:m2JEH1Z+8HNMQmyFBODLDuR+89t1gbOp', N'susan.bruton@nouvita.co.uk', N'Susan', N'Bruton', 3, 0, 404, 1),
(N'TemitopeA', N'1000:SwIfttFkAQKFElUAsib8kxsJ5p74RavX:m2JEH1Z+8HNMQmyFBODLDuR+89t1gbOp', N'tommyalone4@yahoo.com', N'Temitope', N'Ariyo', 3, 0, 143, 1),
(N'AlysonR', N'1000:SwIfttFkAQKFElUAsib8kxsJ5p74RavX:m2JEH1Z+8HNMQmyFBODLDuR+89t1gbOp', N'alyson.ridel@nouvita.co.uk', N'Alyson', N'Ridel', 3, 0, 205, 1),
(N'ShaunD', N'1000:SwIfttFkAQKFElUAsib8kxsJ5p74RavX:m2JEH1Z+8HNMQmyFBODLDuR+89t1gbOp', N'shaunday442@hotmail.co.uk', N'Shaun', N'Day', 3, 0, 402, 1),
(N'MarieV', N'1000:SwIfttFkAQKFElUAsib8kxsJ5p74RavX:m2JEH1Z+8HNMQmyFBODLDuR+89t1gbOp', N'marie.verity@yahoo.co.uk', N'Marie', N'Verity', 3, 0, 103, 1),
(N'SudipaS', N'1000:SwIfttFkAQKFElUAsib8kxsJ5p74RavX:m2JEH1Z+8HNMQmyFBODLDuR+89t1gbOp', N'sudipa_sinha@yahoo.com', N'Sudipa', N'Sinha', 3, 0, 155, 1),
(N'SaberaA', N'1000:SwIfttFkAQKFElUAsib8kxsJ5p74RavX:m2JEH1Z+8HNMQmyFBODLDuR+89t1gbOp', N'bibisabera@hotmail.co.uk', N'Sabera', N'Aumeerally', 3, 0, 400, 1),
(N'LouieC', N'1000:SwIfttFkAQKFElUAsib8kxsJ5p74RavX:m2JEH1Z+8HNMQmyFBODLDuR+89t1gbOp', N'louiecoscos@gmail.com', N'Louie', N'Coscos', 3, 0, 306, 1),
(N'RyanH', N'1000:SwIfttFkAQKFElUAsib8kxsJ5p74RavX:m2JEH1Z+8HNMQmyFBODLDuR+89t1gbOp', N'ryan_hunte@yahoo.co.uk', N'Ryan', N'Hunte', 3, 0, 309, 1),
(N'SheniS', N'1000:SwIfttFkAQKFElUAsib8kxsJ5p74RavX:m2JEH1Z+8HNMQmyFBODLDuR+89t1gbOp', N'sheni95@hotmail.co.uk', N'Sheni', N'Salami', 3, 0, 403, 1),
(N'SarahW', N'1000:SwIfttFkAQKFElUAsib8kxsJ5p74RavX:m2JEH1Z+8HNMQmyFBODLDuR+89t1gbOp', N'sarahworkman11@hotmail.com', N'Sarah', N'Workman', 3, 0, 401, 1),
(N'JackyS', N'1000:SwIfttFkAQKFElUAsib8kxsJ5p74RavX:m2JEH1Z+8HNMQmyFBODLDuR+89t1gbOp', N'jacky@broadoakmanor.co.uk', N'Jacky', N'Smith', 2, 0, 1201, 1),
(N'MatthewH', N'1000:SwIfttFkAQKFElUAsib8kxsJ5p74RavX:m2JEH1Z+8HNMQmyFBODLDuR+89t1gbOp', N'matthew.jharris@yahoo.co.uk', N'Matthew', N'Harris', 3, 0, 9991, 1),
(N'AndraL', N'1000:SwIfttFkAQKFElUAsib8kxsJ5p74RavX:m2JEH1Z+8HNMQmyFBODLDuR+89t1gbOp', N'jahalpha7@yahoo.co.uk', N'Andra', N'Lewis', 3, 0, 151, 1),
(N'ZaharaA', N'1000:SwIfttFkAQKFElUAsib8kxsJ5p74RavX:m2JEH1Z+8HNMQmyFBODLDuR+89t1gbOp', N'zara.ahmed95@yahoo.com', N'Zahara', N'Ahmed', 3, 0, 6, 1),
(N'RamatuA', N'1000:SwIfttFkAQKFElUAsib8kxsJ5p74RavX:m2JEH1Z+8HNMQmyFBODLDuR+89t1gbOp', N'kadiriramatu926@yahoo.com', N'Ramatu', N'Aireman', 3, 0, 7, 1),
(N'OmaraB', N'1000:SwIfttFkAQKFElUAsib8kxsJ5p74RavX:m2JEH1Z+8HNMQmyFBODLDuR+89t1gbOp', N'omara.baig@nouvita.co.uk', N'Omara', N'Baig', 3, 0, 412, 1),
(N'SarahC', N'1000:SwIfttFkAQKFElUAsib8kxsJ5p74RavX:m2JEH1Z+8HNMQmyFBODLDuR+89t1gbOp', N'winnielover_5992@hotmail.co.uk', N'Sarah', N'Cullen', 3, 0, 409, 1),
(N'AimeyS', N'1000:SwIfttFkAQKFElUAsib8kxsJ5p74RavX:m2JEH1Z+8HNMQmyFBODLDuR+89t1gbOp', N'aimeysmith@hotmail.com', N'Aimey', N'Smith', 3, 0, 418, 1),
(N'HarryS', N'1000:SwIfttFkAQKFElUAsib8kxsJ5p74RavX:m2JEH1Z+8HNMQmyFBODLDuR+89t1gbOp', N'hsekhala@yahoo.co.uk', N'Harry', N'Sekhala', 3, 0, 408, 1),
(N'EricC', N'1000:SwIfttFkAQKFElUAsib8kxsJ5p74RavX:m2JEH1Z+8HNMQmyFBODLDuR+89t1gbOp', N'cheche.eric@live.co.uk', N'Eric', N'Cheche', 3, 0, 420, 1),
(N'GladysM', N'1000:SwIfttFkAQKFElUAsib8kxsJ5p74RavX:m2JEH1Z+8HNMQmyFBODLDuR+89t1gbOp', N'happy_gire@yahoo.com', N'Gladys', N'Mapanda', 3, 0, 417, 1),
(N'TawandaK', N'1000:SwIfttFkAQKFElUAsib8kxsJ5p74RavX:m2JEH1Z+8HNMQmyFBODLDuR+89t1gbOp', N't.kawanna99@hotmail.com', N'Tawanda', N'Kuwana', 3, 0, 421, 1),
(N'AdamD', N'1000:SwIfttFkAQKFElUAsib8kxsJ5p74RavX:m2JEH1Z+8HNMQmyFBODLDuR+89t1gbOp', N'adam.digby@nouvita.co.uk', N'Adam', N'Digby', 3, 0, 410, 1),
(N'LanceA', N'1000:SwIfttFkAQKFElUAsib8kxsJ5p74RavX:m2JEH1Z+8HNMQmyFBODLDuR+89t1gbOp', N'lance551025@yahoo.co.uk', N'Lance', N'Adams', 3, 0, 10000, 1),
(N'DanS', N'1000:SwIfttFkAQKFElUAsib8kxsJ5p74RavX:m2JEH1Z+8HNMQmyFBODLDuR+89t1gbOp', N'dan@pcrepairwelwyn.com', N'Dan', N'Sargent', 3, 0, 9989, 1),
(N'TendayiC', N'1000:SwIfttFkAQKFElUAsib8kxsJ5p74RavX:m2JEH1Z+8HNMQmyFBODLDuR+89t1gbOp', N'chikanyatee@hotmail.co.uk', N'Tendayi', N'Chikanya', 3, 0, 416, 1),
(N'PhilM', N'1000:SwIfttFkAQKFElUAsib8kxsJ5p74RavX:m2JEH1Z+8HNMQmyFBODLDuR+89t1gbOp', N'phil@oldbeech.com', N'Phil', N'Massetti', 3, 0, 411, 1),
(N'KatrinaM', N'1000:SwIfttFkAQKFElUAsib8kxsJ5p74RavX:m2JEH1Z+8HNMQmyFBODLDuR+89t1gbOp', N'katrina.myers@nouvita.co.uk', N'Katrina', N'Myers', 3, 0, 413, 1),
(N'BethC', N'1000:SwIfttFkAQKFElUAsib8kxsJ5p74RavX:m2JEH1Z+8HNMQmyFBODLDuR+89t1gbOp', N'bcusack@live.co.uk', N'Beth', N'Cusack', 3, 0, 414, 1),
(N'JamesHealy', N'1000:SwIfttFkAQKFElUAsib8kxsJ5p74RavX:m2JEH1Z+8HNMQmyFBODLDuR+89t1gbOp', N'james_healey1981@hotmail.com', N'James', N'Healey', 3, 0, 415, 1),
(N'KarenB', N'1000:SwIfttFkAQKFElUAsib8kxsJ5p74RavX:m2JEH1Z+8HNMQmyFBODLDuR+89t1gbOp', N'karen.beer@nouvita.co.uk', N'Karen', N'Beer', 3, 0, 9996, 1),
(N'MargaretH', N'1000:SwIfttFkAQKFElUAsib8kxsJ5p74RavX:m2JEH1Z+8HNMQmyFBODLDuR+89t1gbOp', N'margaret.hone@nouvita.co.uk', N'Margaret', N'Hone', 3, 0, 53, 1),
(N'CharlesG', N'1000:SwIfttFkAQKFElUAsib8kxsJ5p74RavX:m2JEH1Z+8HNMQmyFBODLDuR+89t1gbOp', N'charlesgutu2002@yahoo.co.uk', N'Charles', N'Gutu', 3, 0, 424, 1),
(N'PaulD', N'1000:SwIfttFkAQKFElUAsib8kxsJ5p74RavX:m2JEH1Z+8HNMQmyFBODLDuR+89t1gbOp', N'pauldavis9412@aol.com', N'Paul', N'Davis', 3, 0, 425, 1),
(N'IainM', N'1000:SwIfttFkAQKFElUAsib8kxsJ5p74RavX:m2JEH1Z+8HNMQmyFBODLDuR+89t1gbOp', N'iain.mcturk@hotmail.co.uk', N'Iain', N'McTurk', 3, 0, 428, 1),
(N'SeanH', N'1000:SwIfttFkAQKFElUAsib8kxsJ5p74RavX:m2JEH1Z+8HNMQmyFBODLDuR+89t1gbOp', N'sean.higgins@nouvita.co.uk', N'Sean', N'Higgins', 3, 0, 431, 1),
(N'KemiB', N'1000:SwIfttFkAQKFElUAsib8kxsJ5p74RavX:m2JEH1Z+8HNMQmyFBODLDuR+89t1gbOp', N'kemicygnet@yahoo.com', N'Kemi', N'Bolarinwa', 3, 0, 432, 1),
(N'OlabisiA', N'1000:SwIfttFkAQKFElUAsib8kxsJ5p74RavX:m2JEH1Z+8HNMQmyFBODLDuR+89t1gbOp', N'adukeuk@yahoo.co.uk', N'Olabisi', N'Adesanmi', 3, 0, 432, 1),
(N'PatriciaM', N'1000:SwIfttFkAQKFElUAsib8kxsJ5p74RavX:m2JEH1Z+8HNMQmyFBODLDuR+89t1gbOp', N'pmakuwaza@yahoo.com.au', N'Patricia', N'Makuwaza', 3, 0, 434, 1),
(N'TaririoG', N'1000:SwIfttFkAQKFElUAsib8kxsJ5p74RavX:m2JEH1Z+8HNMQmyFBODLDuR+89t1gbOp', N't.gombah@sky.com', N'Taririo', N'Gombah', 3, 0, 435, 1),
(N'JasonM', N'1000:SwIfttFkAQKFElUAsib8kxsJ5p74RavX:m2JEH1Z+8HNMQmyFBODLDuR+89t1gbOp', N'jason.mcfarlane@nouvita.co.uk', N'Jason', N'McFarlane', 3, 0, 436, 1),
(N'OpudoA', N'1000:SwIfttFkAQKFElUAsib8kxsJ5p74RavX:m2JEH1Z+8HNMQmyFBODLDuR+89t1gbOp', N'opudoabila@yahoo.com', N'Opudo', N'Abila', 3, 0, 437, 1),
(N'AnthonyO', N'1000:SwIfttFkAQKFElUAsib8kxsJ5p74RavX:m2JEH1Z+8HNMQmyFBODLDuR+89t1gbOp', N'tony.odume@nouvita.co.uk', N'Anthony', N'Odume', 3, 0, 576, 1),
(N'JobiJ', N'1000:SwIfttFkAQKFElUAsib8kxsJ5p74RavX:m2JEH1Z+8HNMQmyFBODLDuR+89t1gbOp', N'jobi.jose@nouvita.co.uk', N'Jobi', N'Jose', 3, 0, 439, 1),
(N'PatienceO', N'1000:SwIfttFkAQKFElUAsib8kxsJ5p74RavX:m2JEH1Z+8HNMQmyFBODLDuR+89t1gbOp', N'pepeodinga@yahoo.co.uk', N'Patience', N'Odinga', 3, 0, 440, 1),
(N'DaisyB', N'1000:SwIfttFkAQKFElUAsib8kxsJ5p74RavX:m2JEH1Z+8HNMQmyFBODLDuR+89t1gbOp', N'daisyalicebrookes@gmail.com', N'Daisy', N'Brookes', 3, 0, 443, 1),
(N'PhilipM', N'1000:SwIfttFkAQKFElUAsib8kxsJ5p74RavX:m2JEH1Z+8HNMQmyFBODLDuR+89t1gbOp', N'philip.mcgee24@yahoo.com', N'Philip', N'McGee', 3, 0, 444, 1),
(N'JennyM', N'1000:SwIfttFkAQKFElUAsib8kxsJ5p74RavX:m2JEH1Z+8HNMQmyFBODLDuR+89t1gbOp', N'jenny.mccabe@nouvita.co.uk', N'Jenny', N'McCabe', 3, 0, 445, 1),
(N'ElcaC', N'1000:SwIfttFkAQKFElUAsib8kxsJ5p74RavX:m2JEH1Z+8HNMQmyFBODLDuR+89t1gbOp', N'elca_cole@yahoo.co.uk', N'Elca', N'Cole', 3, 0, 456, 1),
(N'PoppyP', N'1000:SwIfttFkAQKFElUAsib8kxsJ5p74RavX:m2JEH1Z+8HNMQmyFBODLDuR+89t1gbOp', N'poppy.pask@nouvita.co.uk', N'Poppy', N'Pask', 3, 0, 447, 1),
(N'JeanM', N'1000:SwIfttFkAQKFElUAsib8kxsJ5p74RavX:m2JEH1Z+8HNMQmyFBODLDuR+89t1gbOp', N'jmacmorri@hotmail.co.uk', N'Jean', N'Morrison', 3, 0, 448, 1),
(N'BillA', N'1000:SwIfttFkAQKFElUAsib8kxsJ5p74RavX:m2JEH1Z+8HNMQmyFBODLDuR+89t1gbOp', N'b2aggins@aol.com', N'Bill', N'Anderson', 3, 0, 450, 1),
(N'BrandonL', N'1000:SwIfttFkAQKFElUAsib8kxsJ5p74RavX:m2JEH1Z+8HNMQmyFBODLDuR+89t1gbOp', N'brandon.lewis@nouvita.co.uk', N'Brandon', N'Lewis', 3, 0, 452, 1),
(N'JocelynT', N'1000:SwIfttFkAQKFElUAsib8kxsJ5p74RavX:m2JEH1Z+8HNMQmyFBODLDuR+89t1gbOp', N'jocelyn_valencia1378@yahoo.com', N'Jocelyn', N'Torion', 3, 0, 457, 1),
(N'BenW', N'1000:SwIfttFkAQKFElUAsib8kxsJ5p74RavX:m2JEH1Z+8HNMQmyFBODLDuR+89t1gbOp', N'benjamin.warriner@nouvita.co.uk', N'Ben', N'Warriner', 3, 0, 1000, 1),
(N'GinaW', N'1000:SwIfttFkAQKFElUAsib8kxsJ5p74RavX:m2JEH1Z+8HNMQmyFBODLDuR+89t1gbOp', N'ginawilmot17@mail.com', N'Gina', N'Wilmot', 3, 0, 460, 1),
(N'PatriciaO', N'1000:SwIfttFkAQKFElUAsib8kxsJ5p74RavX:m2JEH1Z+8HNMQmyFBODLDuR+89t1gbOp', N'obalara8@gmail.com', N'Patricia', N'Oba', 3, 0, 459, 1),
(N'AbayomiB', N'1000:SwIfttFkAQKFElUAsib8kxsJ5p74RavX:m2JEH1Z+8HNMQmyFBODLDuR+89t1gbOp', N'bola.balogun@nouvita.co.uk', N'Abayomi', N'Balogun', 3, 0, 458, 1),
(N'JoyA', N'1000:SwIfttFkAQKFElUAsib8kxsJ5p74RavX:m2JEH1Z+8HNMQmyFBODLDuR+89t1gbOp', N'mjstylegirl@yahoo.com', N'Joy', N'Akeem', 3, 0, 461, 1),
(N'MatthewL', N'1000:SwIfttFkAQKFElUAsib8kxsJ5p74RavX:m2JEH1Z+8HNMQmyFBODLDuR+89t1gbOp', N'matthew.Loveridge@nouvita.co.uk', N'Matthew', N'Loveridge', 3, 0, 462, 1),
(N'GeorginaA', N'1000:SwIfttFkAQKFElUAsib8kxsJ5p74RavX:m2JEH1Z+8HNMQmyFBODLDuR+89t1gbOp', N'georgina.adams@nouvita.co.uk', N'Georgina', N'Adams', 3, 0, 463, 1),
(N'MaxineS', N'1000:SwIfttFkAQKFElUAsib8kxsJ5p74RavX:m2JEH1Z+8HNMQmyFBODLDuR+89t1gbOp', N'smallmaxine83@yahoo.com', N'Maxine', N'Small', 3, 0, 464, 1),
(N'DellaU', N'1000:SwIfttFkAQKFElUAsib8kxsJ5p74RavX:m2JEH1Z+8HNMQmyFBODLDuR+89t1gbOp', N'dellaify1@yahoo.co.uk', N'Della', N'Udom', 3, 0, 465, 1),
(N'AnitaE', N'1000:SwIfttFkAQKFElUAsib8kxsJ5p74RavX:m2JEH1Z+8HNMQmyFBODLDuR+89t1gbOp', N'anitae@yahoo.co.uk', N'Anita', N'Evans', 3, 0, 466, 1),
(N'LouiseH', N'1000:SwIfttFkAQKFElUAsib8kxsJ5p74RavX:m2JEH1Z+8HNMQmyFBODLDuR+89t1gbOp', N'louiseb89@aol.com', N'Louise', N'Holland', 3, 0, 9090, 1),
(N'JulieH', N'1000:SwIfttFkAQKFElUAsib8kxsJ5p74RavX:m2JEH1Z+8HNMQmyFBODLDuR+89t1gbOp', N'julie.holloway@nouvita.co.uk', N'Julie', N'Holloway', 3, 0, 470, 1),
(N'ChinyeluE', N'1000:SwIfttFkAQKFElUAsib8kxsJ5p74RavX:m2JEH1Z+8HNMQmyFBODLDuR+89t1gbOp', N'chinyelu2003@yahoo.com', N'Chinyelu', N'Ezekwem', 3, 0, 471, 1),
(N'HongzhenL', N'1000:SwIfttFkAQKFElUAsib8kxsJ5p74RavX:m2JEH1Z+8HNMQmyFBODLDuR+89t1gbOp', N'angel2015liu@gmail.com', N'Hongzhen', N'Liu', 3, 0, 472, 1),
(N'JoshuaD', N'1000:SwIfttFkAQKFElUAsib8kxsJ5p74RavX:m2JEH1Z+8HNMQmyFBODLDuR+89t1gbOp', N'doe.josh@ymail.com', N'Joshua', N'Doe', 3, 0, 473, 1),
(N'MarionDL', N'1000:SwIfttFkAQKFElUAsib8kxsJ5p74RavX:m2JEH1Z+8HNMQmyFBODLDuR+89t1gbOp', N'marion.daley-lascelles@nouvita.co.uk', N'Marion', N'Daley-Lascelles', 3, 0, 474, 1),
(N'AnitaC', N'1000:SwIfttFkAQKFElUAsib8kxsJ5p74RavX:m2JEH1Z+8HNMQmyFBODLDuR+89t1gbOp', N'anita.colton40@hotmail.co.uk', N'Anita', N'Colton', 3, 0, 477, 1),
(N'TaylorR', N'1000:SwIfttFkAQKFElUAsib8kxsJ5p74RavX:m2JEH1Z+8HNMQmyFBODLDuR+89t1gbOp', N'tayrussell95@hotmail.com', N'Taylor', N'Russell', 3, 0, 479, 1),
(N'RichardN', N'1000:SwIfttFkAQKFElUAsib8kxsJ5p74RavX:m2JEH1Z+8HNMQmyFBODLDuR+89t1gbOp', N'richard.nhundo@nouvita.co.uk', N'Richard', N'Nhundo', 3, 0, 480, 1),
(N'KerryAnnL', N'1000:SwIfttFkAQKFElUAsib8kxsJ5p74RavX:m2JEH1Z+8HNMQmyFBODLDuR+89t1gbOp', N'kerrylee93@hotmail.co.uk', N'Kerry-Ann', N'Lee', 3, 0, 481, 1),
(N'OlawumiB', N'1000:SwIfttFkAQKFElUAsib8kxsJ5p74RavX:m2JEH1Z+8HNMQmyFBODLDuR+89t1gbOp', N'olawumi.bolarinwa@nouvita.co.uk', N'Olawumi', N'Bolarinwa', 3, 0, 482, 1),
(N'MeganC', N'1000:SwIfttFkAQKFElUAsib8kxsJ5p74RavX:m2JEH1Z+8HNMQmyFBODLDuR+89t1gbOp', N'meganlovesmaddy@hotmail.co.uk', N'Megan', N'Considine', 3, 0, 483, 1),
(N'SarahU', N'1000:SwIfttFkAQKFElUAsib8kxsJ5p74RavX:m2JEH1Z+8HNMQmyFBODLDuR+89t1gbOp', N'sarah.usher@nouvita.co.uk', N'Sarah', N'Usher', 3, 0, 484, 1),
(N'OlusanmiC', N'1000:SwIfttFkAQKFElUAsib8kxsJ5p74RavX:m2JEH1Z+8HNMQmyFBODLDuR+89t1gbOp', N'craviewgraphics@yahoo.com', N'Olusanmi', N'Craig', 3, 0, 485, 1),
(N'StevenJ', N'1000:SwIfttFkAQKFElUAsib8kxsJ5p74RavX:m2JEH1Z+8HNMQmyFBODLDuR+89t1gbOp', N'sjohn1982@hotmail.com', N'Steven', N'John', 3, 0, 494, 1),
(N'AngelaN', N'1000:SwIfttFkAQKFElUAsib8kxsJ5p74RavX:m2JEH1Z+8HNMQmyFBODLDuR+89t1gbOp', N'angelandoro@googlemail.com', N'Angela', N'Ndoro', 3, 0, 493, 1),
(N'PhilomenaI', N'1000:SwIfttFkAQKFElUAsib8kxsJ5p74RavX:m2JEH1Z+8HNMQmyFBODLDuR+89t1gbOp', N'philomenairabor@yahoo.com', N'Philomena', N'Irabor', 3, 0, 492, 1),
(N'ChantelleW', N'1000:SwIfttFkAQKFElUAsib8kxsJ5p74RavX:m2JEH1Z+8HNMQmyFBODLDuR+89t1gbOp', N'chantellewood@rocketmail.com', N'Chantelle', N'Wood', 3, 0, 501, 1),
(N'RebeccaH', N'1000:SwIfttFkAQKFElUAsib8kxsJ5p74RavX:m2JEH1Z+8HNMQmyFBODLDuR+89t1gbOp', N'beckii.hood@sky.com', N'Rebecca', N'Hood', 3, 0, 506, 1),
(N'AleksandraM', N'1000:SwIfttFkAQKFElUAsib8kxsJ5p74RavX:m2JEH1Z+8HNMQmyFBODLDuR+89t1gbOp', N'aleksandra.machnikowska@nouvita.co.uk', N'Aleksandra', N'Machnikowska', 3, 0, 507, 1),
(N'DanielM', N'1000:SwIfttFkAQKFElUAsib8kxsJ5p74RavX:m2JEH1Z+8HNMQmyFBODLDuR+89t1gbOp', N'daniel.moyo@hotmail.co.uk', N'Thabini Daniel', N'Moyo', 3, 0, 495, 1),
(N'PanayiotaA', N'1000:SwIfttFkAQKFElUAsib8kxsJ5p74RavX:m2JEH1Z+8HNMQmyFBODLDuR+89t1gbOp', N'panayiotaantoniou@yahoo.co.uk', N'Panayiota', N'Antoniou', 3, 0, 504, 1),
(N'SoleCG', N'1000:SwIfttFkAQKFElUAsib8kxsJ5p74RavX:m2JEH1Z+8HNMQmyFBODLDuR+89t1gbOp', N'sisiafrica@yahoo.com', N'Sole', N'Caro Garcia', 3, 0, 509, 1),
(N'TinaO', N'1000:SwIfttFkAQKFElUAsib8kxsJ5p74RavX:m2JEH1Z+8HNMQmyFBODLDuR+89t1gbOp', N'tobua@hotmail.com', N'Tina', N'Obua', 3, 0, 510, 1),
(N'MelodyB', N'1000:SwIfttFkAQKFElUAsib8kxsJ5p74RavX:m2JEH1Z+8HNMQmyFBODLDuR+89t1gbOp', N'melly01@hotmail.co.uk', N'Melody', N'Bishop', 3, 0, 511, 1),
(N'HaddyCE', N'1000:SwIfttFkAQKFElUAsib8kxsJ5p74RavX:m2JEH1Z+8HNMQmyFBODLDuR+89t1gbOp', N'haddy.cham-egan@nouvita.co.uk', N'Haddy', N'Cham-Egan', 3, 0, 512, 1),
(N'LeonelM', N'1000:SwIfttFkAQKFElUAsib8kxsJ5p74RavX:m2JEH1Z+8HNMQmyFBODLDuR+89t1gbOp', N'leonelmartins.psl@gmail.com', N'Leonel', N'Martins', 3, 0, 513, 1),
(N'FungayiK', N'1000:SwIfttFkAQKFElUAsib8kxsJ5p74RavX:m2JEH1Z+8HNMQmyFBODLDuR+89t1gbOp', N'jerrys132@aol.co.uk', N'Fungayi', N'Kafesu', 3, 0, 514, 1),
(N'CharmaineS', N'1000:SwIfttFkAQKFElUAsib8kxsJ5p74RavX:m2JEH1Z+8HNMQmyFBODLDuR+89t1gbOp', N'charmaine.sherman@yahoo.com', N'Charmaine', N'Sherman', 3, 0, 515, 1),
(N'GwendolynB', N'1000:SwIfttFkAQKFElUAsib8kxsJ5p74RavX:m2JEH1Z+8HNMQmyFBODLDuR+89t1gbOp', N'gwenbrowne@hotmail.co.uk', N'Gwendolyn', N'Browne', 3, 0, 497, 1),
(N'SamanthaM', N'1000:SwIfttFkAQKFElUAsib8kxsJ5p74RavX:m2JEH1Z+8HNMQmyFBODLDuR+89t1gbOp', N'sammymuroyiwa@yahoo.com', N'Samantha', N'Muroyiwa', 3, 0, 496, 1),
(N'SperireP', N'1000:SwIfttFkAQKFElUAsib8kxsJ5p74RavX:m2JEH1Z+8HNMQmyFBODLDuR+89t1gbOp', N'sperire@yahoo.co.uk', N'Sperire', N'Paurosi', 3, 0, 516, 1),
(N'YvonneF', N'1000:SwIfttFkAQKFElUAsib8kxsJ5p74RavX:m2JEH1Z+8HNMQmyFBODLDuR+89t1gbOp', N'y.foreshaw@hotmail.co.uk', N'Yvonne', N'Foreshaw', 3, 0, 517, 1),
(N'MargaretM', N'1000:SwIfttFkAQKFElUAsib8kxsJ5p74RavX:m2JEH1Z+8HNMQmyFBODLDuR+89t1gbOp', N'margaretmunangatire1@hotmail.com', N'Margaret', N'Munangatire', 3, 0, 518, 1),
(N'AbiodunA', N'1000:SwIfttFkAQKFElUAsib8kxsJ5p74RavX:m2JEH1Z+8HNMQmyFBODLDuR+89t1gbOp', N'abiodun.akande@nouvita.co.uk', N'Abiodun', N'Akande', 3, 0, 519, 1),
(N'YemiD', N'1000:SwIfttFkAQKFElUAsib8kxsJ5p74RavX:m2JEH1Z+8HNMQmyFBODLDuR+89t1gbOp', N'yehert@yahoo.com', N'Yemi', N'Doherty', 3, 0, 502, 1),
(N'JoyceA', N'1000:SwIfttFkAQKFElUAsib8kxsJ5p74RavX:m2JEH1Z+8HNMQmyFBODLDuR+89t1gbOp', N'joyosaye@yahoo.com', N'Joyce', N'Asemota', 3, 0, 520, 1),
(N'LeahB', N'1000:SwIfttFkAQKFElUAsib8kxsJ5p74RavX:m2JEH1Z+8HNMQmyFBODLDuR+89t1gbOp', N'leah.beirne@nouvita.co.uk', N'Leah', N'Beirne', 3, 0, 524, 1),
(N'RorieG', N'1000:SwIfttFkAQKFElUAsib8kxsJ5p74RavX:m2JEH1Z+8HNMQmyFBODLDuR+89t1gbOp', N'rorie_gill@hotmail.co.uk', N'Rorie', N'Gill', 3, 0, 525, 1),
(N'MadelynneG', N'1000:SwIfttFkAQKFElUAsib8kxsJ5p74RavX:m2JEH1Z+8HNMQmyFBODLDuR+89t1gbOp', N'madelynne.gray@nouvita.co.uk', N'Madelynne', N'Gray', 3, 0, 499, 1),
(N'BridgetM', N'1000:SwIfttFkAQKFElUAsib8kxsJ5p74RavX:m2JEH1Z+8HNMQmyFBODLDuR+89t1gbOp', N'bridget.mango@nouvita.co.uk', N'Bridget', N'Mango', 3, 0, 522, 1),
(N'DesmondP', N'1000:SwIfttFkAQKFElUAsib8kxsJ5p74RavX:m2JEH1Z+8HNMQmyFBODLDuR+89t1gbOp', N'desmond.phiri@nouvita.co.uk', N'Desmond', N'Phiri', 3, 0, 533, 1),
(N'EugenV', N'1000:SwIfttFkAQKFElUAsib8kxsJ5p74RavX:m2JEH1Z+8HNMQmyFBODLDuR+89t1gbOp', N'machina9@gmail.com', N'Eugen', N'Varela', 3, 0, 534, 1),
(N'MirandaT', N'1000:SwIfttFkAQKFElUAsib8kxsJ5p74RavX:m2JEH1Z+8HNMQmyFBODLDuR+89t1gbOp', N'mirah08@hotmail.co.uk', N'Miranda', N'Tapona', 3, 0, 529, 1),
(N'GillianT', N'1000:SwIfttFkAQKFElUAsib8kxsJ5p74RavX:m2JEH1Z+8HNMQmyFBODLDuR+89t1gbOp', N'gillianthwaites@live.com', N'Gillian', N'Thwaites', 3, 0, 535, 1),
(N'ReginaM', N'1000:SwIfttFkAQKFElUAsib8kxsJ5p74RavX:m2JEH1Z+8HNMQmyFBODLDuR+89t1gbOp', N'tinomuj@gmail.com', N'Regina', N'Mujuru', 3, 0, 537, 1),
(N'RunganoJ', N'1000:SwIfttFkAQKFElUAsib8kxsJ5p74RavX:m2JEH1Z+8HNMQmyFBODLDuR+89t1gbOp', N'chiefjaravaza@yahoo.co.uk', N'Rungano', N'Jaravaza', 3, 0, 526, 1),
(N'AlexanderJ', N'1000:SwIfttFkAQKFElUAsib8kxsJ5p74RavX:m2JEH1Z+8HNMQmyFBODLDuR+89t1gbOp', N'ejitjonathan@yahoo.com', N'Alexander', N'Jonathan', 3, 0, 527, 1),
(N'NinoS', N'1000:SwIfttFkAQKFElUAsib8kxsJ5p74RavX:m2JEH1Z+8HNMQmyFBODLDuR+89t1gbOp', N'nino.saponaro@hotmail.com', N'Nino', N'Saponaro', 3, 0, 538, 1),
(N'EmmanuelS', N'1000:SwIfttFkAQKFElUAsib8kxsJ5p74RavX:m2JEH1Z+8HNMQmyFBODLDuR+89t1gbOp', N'koosaaka@yahoo.co.uk', N'Emmanuel', N'Saka', 3, 0, 539, 1),
(N'SaraM', N'1000:SwIfttFkAQKFElUAsib8kxsJ5p74RavX:m2JEH1Z+8HNMQmyFBODLDuR+89t1gbOp', N'silly_sarsy@hotmail.com', N'Sara', N'Mungai', 3, 0, 542, 1),
(N'MlindeliS', N'1000:SwIfttFkAQKFElUAsib8kxsJ5p74RavX:m2JEH1Z+8HNMQmyFBODLDuR+89t1gbOp', N'mlindelis@yahoo.co.uk', N'Mlindeli', N'Siziba', 3, 0, 541, 1),
(N'AbiodunA', N'1000:SwIfttFkAQKFElUAsib8kxsJ5p74RavX:m2JEH1Z+8HNMQmyFBODLDuR+89t1gbOp', N'mlindelis@yahoo.co.uk', N'Abiodun', N'Ashcroft', 3, 0, 543, 1),
(N'MackieB', N'1000:SwIfttFkAQKFElUAsib8kxsJ5p74RavX:m2JEH1Z+8HNMQmyFBODLDuR+89t1gbOp', N'bmackie@hotmail.com', N'Mackie', N'Bendu', 3, 0, 544, 1),
(N'EmmaS', N'1000:SwIfttFkAQKFElUAsib8kxsJ5p74RavX:m2JEH1Z+8HNMQmyFBODLDuR+89t1gbOp', N'emma.blomfield91@gmail.com', N'Emma', N'Stott', 3, 0, 545, 1),
(N'SiyaD', N'1000:SwIfttFkAQKFElUAsib8kxsJ5p74RavX:m2JEH1Z+8HNMQmyFBODLDuR+89t1gbOp', N'siqdim@gmail.com', N'Siya', N'Dimitrova', 3, 0, 546, 1),
(N'MarianF', N'1000:SwIfttFkAQKFElUAsib8kxsJ5p74RavX:m2JEH1Z+8HNMQmyFBODLDuR+89t1gbOp', N'mafievez@aol.com', N'Marian', N'Fievez', 3, 0, 547, 1),
(N'NicolaO', N'1000:SwIfttFkAQKFElUAsib8kxsJ5p74RavX:m2JEH1Z+8HNMQmyFBODLDuR+89t1gbOp', N'nicola.owens2@ntlworld.com', N'Nicola', N'Owens', 3, 0, 548, 1),
(N'EmmanuelA', N'1000:SwIfttFkAQKFElUAsib8kxsJ5p74RavX:m2JEH1Z+8HNMQmyFBODLDuR+89t1gbOp', N'emmanuel.addy@hotmail.co.uk', N'Emmanuel', N'Addy', 3, 0, 549, 1),
(N'DavidKY', N'1000:SwIfttFkAQKFElUAsib8kxsJ5p74RavX:m2JEH1Z+8HNMQmyFBODLDuR+89t1gbOp', N'owurakboat@yahoo.co.uk', N'David', N'Kusi-Yeboah', 3, 0, 550, 1),
(N'RosyW', N'1000:SwIfttFkAQKFElUAsib8kxsJ5p74RavX:m2JEH1Z+8HNMQmyFBODLDuR+89t1gbOp', N'rosy.webb@nouvita.co.uk', N'Rosy', N'Webb', 3, 0, 551, 1),
(N'SamuelO', N'1000:SwIfttFkAQKFElUAsib8kxsJ5p74RavX:m2JEH1Z+8HNMQmyFBODLDuR+89t1gbOp', N'samokwah@hotmail.com', N'Samuel', N'Okwah', 3, 0, 554, 1),
(N'PaulW', N'1000:SwIfttFkAQKFElUAsib8kxsJ5p74RavX:m2JEH1Z+8HNMQmyFBODLDuR+89t1gbOp', N'paul.webster@nouvita.co.uk', N'Paul', N'Webster', 3, 0, 10001, 1),
(N'MichalM', N'1000:SwIfttFkAQKFElUAsib8kxsJ5p74RavX:m2JEH1Z+8HNMQmyFBODLDuR+89t1gbOp', N'michamacknikowski@gmail.com', N'Michal', N'Machnikowski', 3, 0, 555, 1),
(N'NirodeN', N'1000:SwIfttFkAQKFElUAsib8kxsJ5p74RavX:m2JEH1Z+8HNMQmyFBODLDuR+89t1gbOp', N'dala623@hotmail.co.uk', N'Nirode', N'Ncube', 3, 0, 556, 1),
(N'HollyC', N'1000:SwIfttFkAQKFElUAsib8kxsJ5p74RavX:m2JEH1Z+8HNMQmyFBODLDuR+89t1gbOp', N'hollyclarke@hotmail.co.uk', N'Holly', N'Clarke', 3, 0, 557, 1),
(N'SaraM', N'1000:SwIfttFkAQKFElUAsib8kxsJ5p74RavX:m2JEH1Z+8HNMQmyFBODLDuR+89t1gbOp', N'msara4@gmail.co.uk', N'Sara', N'Malik', 3, 0, 558, 1),
(N'GullH', N'1000:SwIfttFkAQKFElUAsib8kxsJ5p74RavX:m2JEH1Z+8HNMQmyFBODLDuR+89t1gbOp', N'gull.hassan@nouvita.co.uk', N'Gull', N'Hassan', 3, 0, 559, 1),
(N'JacobS', N'1000:SwIfttFkAQKFElUAsib8kxsJ5p74RavX:m2JEH1Z+8HNMQmyFBODLDuR+89t1gbOp', N'jacobsithole68@yahoo.co.uk', N'Jacob', N'Sithole', 3, 0, 560, 1),
(N'NhamoinesuS', N'1000:SwIfttFkAQKFElUAsib8kxsJ5p74RavX:m2JEH1Z+8HNMQmyFBODLDuR+89t1gbOp', N'nham022@live.co.uk', N'Nhamoinesu', N'Shumba', 3, 0, 561, 1),
(N'HassanT', N'1000:SwIfttFkAQKFElUAsib8kxsJ5p74RavX:m2JEH1Z+8HNMQmyFBODLDuR+89t1gbOp', N'diboriyomoso@gmail.com', N'Hassan', N'Tanko', 3, 0, 562, 1),
(N'MichelleL', N'1000:SwIfttFkAQKFElUAsib8kxsJ5p74RavX:m2JEH1Z+8HNMQmyFBODLDuR+89t1gbOp', N'michelleluck@me.com', N'Michelle', N'Luck', 3, 0, 563, 1),
(N'AnnahM', N'1000:SwIfttFkAQKFElUAsib8kxsJ5p74RavX:m2JEH1Z+8HNMQmyFBODLDuR+89t1gbOp', N'annahozzie@yahoo.com', N'Annah', N'Mabanja', 3, 0, 564, 1),
(N'MeganJ', N'1000:SwIfttFkAQKFElUAsib8kxsJ5p74RavX:m2JEH1Z+8HNMQmyFBODLDuR+89t1gbOp', N'megj19@yahoo.com', N'Megan', N'Jones', 3, 0, 565, 1),
(N'KenS', N'1000:SwIfttFkAQKFElUAsib8kxsJ5p74RavX:m2JEH1Z+8HNMQmyFBODLDuR+89t1gbOp', N'sinah2014@virginmedia.com', N'Ken', N'Sinah', 3, 0, 566, 1),
(N'MaddieW', N'1000:SwIfttFkAQKFElUAsib8kxsJ5p74RavX:m2JEH1Z+8HNMQmyFBODLDuR+89t1gbOp', N'maddie.walker@nouvita.co.uk', N'Maddie', N'Walker', 3, 0, 567, 1),
(N'TadiwanasheM', N'1000:SwIfttFkAQKFElUAsib8kxsJ5p74RavX:m2JEH1Z+8HNMQmyFBODLDuR+89t1gbOp', N'tadi_mano@yahoo.co.uk', N'Tadiwanashe', N'Mano', 3, 0, 536, 1),
(N'RichardM', N'1000:SwIfttFkAQKFElUAsib8kxsJ5p74RavX:m2JEH1Z+8HNMQmyFBODLDuR+89t1gbOp', N'ricardo.manzi@yahoo.com', N'Richard', N'Manzi', 3, 0, 568, 1),
(N'IyaboA', N'1000:SwIfttFkAQKFElUAsib8kxsJ5p74RavX:m2JEH1Z+8HNMQmyFBODLDuR+89t1gbOp', N'iyabo.aluko@yahoo.com', N'Iyabo', N'Aluko', 3, 0, 570, 1),
(N'JodieF', N'1000:SwIfttFkAQKFElUAsib8kxsJ5p74RavX:m2JEH1Z+8HNMQmyFBODLDuR+89t1gbOp', N'jodiefruen@hotmail.co.uk', N'Jodie', N'Fruen', 3, 0, 571, 1),
(N'GertrudeG', N'1000:SwIfttFkAQKFElUAsib8kxsJ5p74RavX:m2JEH1Z+8HNMQmyFBODLDuR+89t1gbOp', N'janeukachi@yahoo.com', N'Gertrude', N'Geoman', 3, 0, 572, 1),
(N'NataliaR', N'1000:SwIfttFkAQKFElUAsib8kxsJ5p74RavX:m2JEH1Z+8HNMQmyFBODLDuR+89t1gbOp', N'dazzanatasha@gmail.com', N'Natalia', N'Robinson', 3, 0, 573, 1),
(N'LiahM', N'1000:SwIfttFkAQKFElUAsib8kxsJ5p74RavX:m2JEH1Z+8HNMQmyFBODLDuR+89t1gbOp', N'lmhangara@yahoo.co.uk', N'Liah', N'Mhangara', 3, 0, 575, 1),
(N'MonikaD', N'1000:SwIfttFkAQKFElUAsib8kxsJ5p74RavX:m2JEH1Z+8HNMQmyFBODLDuR+89t1gbOp', N'2u2anna2007@yahoo.co.uk', N'Monika', N'Dabrowska', 3, 0, 577, 1),
(N'GeorgiaG', N'1000:SwIfttFkAQKFElUAsib8kxsJ5p74RavX:m2JEH1Z+8HNMQmyFBODLDuR+89t1gbOp', N'georgiagreenland97@gmail.com', N'Georgia', N'Greenland', 3, 0, 578, 1),
(N'TendaiM', N'1000:SwIfttFkAQKFElUAsib8kxsJ5p74RavX:m2JEH1Z+8HNMQmyFBODLDuR+89t1gbOp', N'maideniz@yahoo.co.uk', N'Tendai', N'Maiden', 3, 0, 579, 1),
(N'AshleyM', N'1000:SwIfttFkAQKFElUAsib8kxsJ5p74RavX:m2JEH1Z+8HNMQmyFBODLDuR+89t1gbOp', N'ashleymynott_95@hotmail.co.uk', N'Ashley', N'Mynott', 3, 0, 580, 1),
(N'JamesHoward', N'1000:SwIfttFkAQKFElUAsib8kxsJ5p74RavX:m2JEH1Z+8HNMQmyFBODLDuR+89t1gbOp', N'jameshoward123@hotmail.co.uk', N'James', N'Howard', 3, 0, 581, 1),
(N'SamanthaH', N'1000:SwIfttFkAQKFElUAsib8kxsJ5p74RavX:m2JEH1Z+8HNMQmyFBODLDuR+89t1gbOp', N'samantha.huckle@gmail.com', N'Samantha', N'Huckle', 3, 0, 582, 1),
(N'MarionM', N'1000:SwIfttFkAQKFElUAsib8kxsJ5p74RavX:m2JEH1Z+8HNMQmyFBODLDuR+89t1gbOp', N'marionmcwilliams@hotmail.co.uk', N'Marion', N'McWilliams', 3, 0, 584, 1),
(N'ElizabethK', N'1000:SwIfttFkAQKFElUAsib8kxsJ5p74RavX:m2JEH1Z+8HNMQmyFBODLDuR+89t1gbOp', N'lizzbkamau3@gmail.com', N'Elizabeth', N'Kamau', 3, 0, 585, 1),
(N'SamanthaE', N'1000:SwIfttFkAQKFElUAsib8kxsJ5p74RavX:m2JEH1Z+8HNMQmyFBODLDuR+89t1gbOp', N'sammyemanuel@hotmail.com', N'Samantha', N'Emanuel', 3, 0, 1061, 1),
(N'TracyA', N'1000:SwIfttFkAQKFElUAsib8kxsJ5p74RavX:m2JEH1Z+8HNMQmyFBODLDuR+89t1gbOp', N'tracy.amos@blueyonder.co.uk', N'Tracy', N'Amos', 3, 0, 586, 1),
(N'TonderaiM', N'1000:SwIfttFkAQKFElUAsib8kxsJ5p74RavX:m2JEH1Z+8HNMQmyFBODLDuR+89t1gbOp', N'tonderai.Matibiri@nouvita.co.uk', N'Tonderai', N'Matibiri', 3, 0, 583, 1),
(N'MichelleB', N'1000:SwIfttFkAQKFElUAsib8kxsJ5p74RavX:m2JEH1Z+8HNMQmyFBODLDuR+89t1gbOp', N'mlmissyb@hotmail.com', N'Michelle', N'Bayne', 3, 0, 587, 1),
(N'FionaB', N'1000:SwIfttFkAQKFElUAsib8kxsJ5p74RavX:m2JEH1Z+8HNMQmyFBODLDuR+89t1gbOp', N'fiona.badilia@nouvita.co.uk', N'Fiona', N'Badilia', 3, 0, 5003, 1),
(N'PfungwaT', N'1000:SwIfttFkAQKFElUAsib8kxsJ5p74RavX:m2JEH1Z+8HNMQmyFBODLDuR+89t1gbOp', N'pfungwa.tekeshe@nouvita.co.uk', N'Pfungwa', N'Tekeshe', 3, 0, 5005, 1),
(N'AgathaM', N'1000:SwIfttFkAQKFElUAsib8kxsJ5p74RavX:m2JEH1Z+8HNMQmyFBODLDuR+89t1gbOp', N'agatha.muturu@nouvita.co.uk', N'Agatha', N'Muturu', 3, 0, 5004, 1),
(N'JosphineB', N'1000:SwIfttFkAQKFElUAsib8kxsJ5p74RavX:m2JEH1Z+8HNMQmyFBODLDuR+89t1gbOp', N'josphine.bare@nouvita.co.uk', N'Josphine', N'Bare', 3, 0, 5006, 1),
(N'CleopatraM', N'1000:SwIfttFkAQKFElUAsib8kxsJ5p74RavX:m2JEH1Z+8HNMQmyFBODLDuR+89t1gbOp', N'cleopatra.mazai@nouvita.co.uk', N'Cleopatra', N'Mazai', 3, 0, 5007, 1),
(N'PetaP', N'1000:SwIfttFkAQKFElUAsib8kxsJ5p74RavX:m2JEH1Z+8HNMQmyFBODLDuR+89t1gbOp', N'pattersonpedagay@yahoo.com', N'Peta-Gay', N'Patterson', 3, 0, 589, 1),
(N'StevenH', N'1000:SwIfttFkAQKFElUAsib8kxsJ5p74RavX:m2JEH1Z+8HNMQmyFBODLDuR+89t1gbOp', N'steven.hedge@hotmail.co.uk', N'Steven', N'Hedge', 3, 0, 592, 1),
(N'RaymondB', N'1000:SwIfttFkAQKFElUAsib8kxsJ5p74RavX:m2JEH1Z+8HNMQmyFBODLDuR+89t1gbOp', N'rb_pccs@yahoo.com', N'Raymond', N'Bautista', 3, 0, 1028, 1),
(N'EloySV', N'1000:SwIfttFkAQKFElUAsib8kxsJ5p74RavX:m2JEH1Z+8HNMQmyFBODLDuR+89t1gbOp', N'tahcinfinito@yahoo.es', N'Eloy', N'Soler Valdes', 3, 0, 1016, 1),
(N'RoyA', N'1000:SwIfttFkAQKFElUAsib8kxsJ5p74RavX:m2JEH1Z+8HNMQmyFBODLDuR+89t1gbOp', N'royskeyaran@gmail.com', N'Roy', N'Aran', 3, 0, 1030, 1),
(N'TaraW', N'1000:SwIfttFkAQKFElUAsib8kxsJ5p74RavX:m2JEH1Z+8HNMQmyFBODLDuR+89t1gbOp', N'tara@broadoakmanor.co.uk', N'Tara', N'Waller', 3, 0, 1001, 1),
(N'DawnS', N'1000:SwIfttFkAQKFElUAsib8kxsJ5p74RavX:m2JEH1Z+8HNMQmyFBODLDuR+89t1gbOp', N'dawn.sharp@ntlworld.com', N'Dawn', N'Sharp', 3, 0, 1015, 1),
(N'SharonC', N'1000:SwIfttFkAQKFElUAsib8kxsJ5p74RavX:m2JEH1Z+8HNMQmyFBODLDuR+89t1gbOp', N'sharoncruickshank62@yahoo.co.uk', N'Sharon', N'Cruickshank', 3, 0, 1008, 1),
(N'OlenaK', N'1000:SwIfttFkAQKFElUAsib8kxsJ5p74RavX:m2JEH1Z+8HNMQmyFBODLDuR+89t1gbOp', N'khursenko30january@googlemail.com', N'Olena', N'Khursenko', 3, 0, 1005, 1),
(N'BamaK', N'1000:SwIfttFkAQKFElUAsib8kxsJ5p74RavX:m2JEH1Z+8HNMQmyFBODLDuR+89t1gbOp', N'jamalbaman@hotmail.com', N'Bama', N'Kangben', 3, 0, 1012, 1),
(N'NicoleB', N'1000:SwIfttFkAQKFElUAsib8kxsJ5p74RavX:m2JEH1Z+8HNMQmyFBODLDuR+89t1gbOp', N'x_bradshaw_x@hotmail.com', N'Nicole', N'Bradshaw', 3, 0, 1026, 1),
(N'MarioM', N'1000:SwIfttFkAQKFElUAsib8kxsJ5p74RavX:m2JEH1Z+8HNMQmyFBODLDuR+89t1gbOp', N'mario_mares1@hotmail.com', N'Mario', N'Mares', 3, 0, 1025, 1),
(N'JoobyS', N'1000:SwIfttFkAQKFElUAsib8kxsJ5p74RavX:m2JEH1Z+8HNMQmyFBODLDuR+89t1gbOp', N'joobysam@yahoo.co.uk', N'Jooby', N'Samuel', 3, 0, 1022, 1),
(N'EvelynH', N'1000:SwIfttFkAQKFElUAsib8kxsJ5p74RavX:m2JEH1Z+8HNMQmyFBODLDuR+89t1gbOp', N'eve.p1960@hotmail.com', N'Evelyn', N'Hall', 3, 0, 1018, 1),
(N'ConorA', N'1000:SwIfttFkAQKFElUAsib8kxsJ5p74RavX:m2JEH1Z+8HNMQmyFBODLDuR+89t1gbOp', N'hotcon@hotmail.com', N'Conor', N'Armstrong', 3, 0, 1013, 1),
(N'SusannaR', N'1000:SwIfttFkAQKFElUAsib8kxsJ5p74RavX:m2JEH1Z+8HNMQmyFBODLDuR+89t1gbOp', N'sbr1409@yahoo.co.uk', N'Susanna', N'Rowland', 3, 0, 1033, 1),
(N'ScottC', N'1000:SwIfttFkAQKFElUAsib8kxsJ5p74RavX:m2JEH1Z+8HNMQmyFBODLDuR+89t1gbOp', N'scott@broadoakmanor.co.uk', N'Scott', N'Cruickshank', 3, 0, 1031, 1),
(N'SherylQ', N'1000:SwIfttFkAQKFElUAsib8kxsJ5p74RavX:m2JEH1Z+8HNMQmyFBODLDuR+89t1gbOp', N'sherylquipao@gmail.com', N'Sheryl', N'Quipao', 3, 0, 1032, 1),
(N'AdrianL', N'1000:SwIfttFkAQKFElUAsib8kxsJ5p74RavX:m2JEH1Z+8HNMQmyFBODLDuR+89t1gbOp', N'adrnloo@hotmail.com', N'Adrian', N'Loo', 3, 0, 1010, 1),
(N'PaulaD', N'1000:SwIfttFkAQKFElUAsib8kxsJ5p74RavX:m2JEH1Z+8HNMQmyFBODLDuR+89t1gbOp', N'dwyer_paula@yahoo.com', N'Paula', N'Dwyer', 3, 0, 1027, 1),
(N'SarahT', N'1000:SwIfttFkAQKFElUAsib8kxsJ5p74RavX:m2JEH1Z+8HNMQmyFBODLDuR+89t1gbOp', N'sarah@sarahtierney.orangehome.co.uk', N'Sarah', N'Tierney', 3, 0, 1007, 1),
(N'RanjithW', N'1000:SwIfttFkAQKFElUAsib8kxsJ5p74RavX:m2JEH1Z+8HNMQmyFBODLDuR+89t1gbOp', N'ranjithwelgaman@gmail.com', N'Ranjith', N'Welgamage', 3, 0, 1006, 1),
(N'DahliaS', N'1000:SwIfttFkAQKFElUAsib8kxsJ5p74RavX:m2JEH1Z+8HNMQmyFBODLDuR+89t1gbOp', N'dahl2006salvador@yahoo.co.uk', N'Dahlia', N'Salvador', 3, 0, 1014, 1),
(N'RonnieS', N'1000:SwIfttFkAQKFElUAsib8kxsJ5p74RavX:m2JEH1Z+8HNMQmyFBODLDuR+89t1gbOp', N'ron2006salvador@yahoo.co.uk', N'Ronnie', N'Salvador', 3, 0, 1029, 1),
(N'HayleyD', N'1000:SwIfttFkAQKFElUAsib8kxsJ5p74RavX:m2JEH1Z+8HNMQmyFBODLDuR+89t1gbOp', N'hayleydavis23@gmail.com', N'Hayley', N'Davis', 3, 0, 1035, 1),
(N'ImoS', N'1000:SwIfttFkAQKFElUAsib8kxsJ5p74RavX:m2JEH1Z+8HNMQmyFBODLDuR+89t1gbOp', N'imosam1965@hotmail.co.uk', N'Imo', N'Sam', 3, 0, 1037, 1),
(N'HelenA', N'1000:SwIfttFkAQKFElUAsib8kxsJ5p74RavX:m2JEH1Z+8HNMQmyFBODLDuR+89t1gbOp', N'heleya@gmail.com', N'Helen', N'Anderson', 3, 0, 1038, 1),
(N'PosyHW', N'1000:SwIfttFkAQKFElUAsib8kxsJ5p74RavX:m2JEH1Z+8HNMQmyFBODLDuR+89t1gbOp', N'posy@btinternet.com', N'Posy', N'Hills-Williams', 3, 0, 1034, 1),
(N'JamesC', N'1000:SwIfttFkAQKFElUAsib8kxsJ5p74RavX:m2JEH1Z+8HNMQmyFBODLDuR+89t1gbOp', N'cruickshankjames@live.co.uk', N'James', N'Cruickshank', 3, 0, 1041, 1),
(N'ChrisS', N'1000:SwIfttFkAQKFElUAsib8kxsJ5p74RavX:m2JEH1Z+8HNMQmyFBODLDuR+89t1gbOp', N'chris.stone@nouvita.co.uk', N'Chris', N'Stone', 3, 0, 9992, 1),
(N'JayneS', N'1000:SwIfttFkAQKFElUAsib8kxsJ5p74RavX:m2JEH1Z+8HNMQmyFBODLDuR+89t1gbOp', N'jayne.sparkes@broadoakmanor.co.uk', N'Jayne', N'Sparkes', 3, 0, 9997, 1),
(N'JessD', N'1000:SwIfttFkAQKFElUAsib8kxsJ5p74RavX:m2JEH1Z+8HNMQmyFBODLDuR+89t1gbOp', N'jessicadbsn@yahoo.co.uk', N'Jessica', N'Dobson', 3, 0, 9998, 1),
(N'HayleyE', N'1000:SwIfttFkAQKFElUAsib8kxsJ5p74RavX:m2JEH1Z+8HNMQmyFBODLDuR+89t1gbOp', N'hayley-23@hotmail.co.uk', N'Hayley', N'Ellis', 3, 0, 1042, 1),
(N'LikibiK', N'1000:SwIfttFkAQKFElUAsib8kxsJ5p74RavX:m2JEH1Z+8HNMQmyFBODLDuR+89t1gbOp', N'qube5@live.co.uk', N'Likibi', N'Kangben', 3, 0, 1045, 1),
(N'HilaryM', N'1000:SwIfttFkAQKFElUAsib8kxsJ5p74RavX:m2JEH1Z+8HNMQmyFBODLDuR+89t1gbOp', N'hilarylois63@gmail.com', N'Hilary', N'Montague', 3, 0, 1046, 1),
(N'BainuC', N'1000:SwIfttFkAQKFElUAsib8kxsJ5p74RavX:m2JEH1Z+8HNMQmyFBODLDuR+89t1gbOp', N'pcbainu@gmail.com', N'Bainu', N'Chandy', 3, 0, 1048, 1),
(N'HilaryM', N'1000:SwIfttFkAQKFElUAsib8kxsJ5p74RavX:m2JEH1Z+8HNMQmyFBODLDuR+89t1gbOp', N'renichackok@gmail.com', N'Reni', N'Chacko', 3, 0, 1049, 1),
(N'BukunolaO', N'1000:SwIfttFkAQKFElUAsib8kxsJ5p74RavX:m2JEH1Z+8HNMQmyFBODLDuR+89t1gbOp', N'bdecency@hotmail.com', N'Bukunola', N'Oregbemi', 3, 0, 1050, 1),
(N'KirstyT', N'1000:SwIfttFkAQKFElUAsib8kxsJ5p74RavX:m2JEH1Z+8HNMQmyFBODLDuR+89t1gbOp', N'kirstythorn.hertford@hotmail.com', N'Kirsty', N'Thorn', 3, 0, 1047, 1),
(N'CarlyS', N'1000:SwIfttFkAQKFElUAsib8kxsJ5p74RavX:m2JEH1Z+8HNMQmyFBODLDuR+89t1gbOp', N'carly20_2007@hotmail.co.uk', N'Carly', N'Scrivens', 3, 0, 1052, 1),
(N'KalvarachchigeD', N'1000:SwIfttFkAQKFElUAsib8kxsJ5p74RavX:m2JEH1Z+8HNMQmyFBODLDuR+89t1gbOp', N'nilakshi.kkgmail.com', N'Kalvarachchige', N'Dasunika', 3, 0, 1051, 1),
(N'JaicoB', N'1000:SwIfttFkAQKFElUAsib8kxsJ5p74RavX:m2JEH1Z+8HNMQmyFBODLDuR+89t1gbOp', N'jaicobaju@gmail.com', N'Jaico', N'Baju', 3, 0, 1055, 1),
(N'JulianaG', N'1000:SwIfttFkAQKFElUAsib8kxsJ5p74RavX:m2JEH1Z+8HNMQmyFBODLDuR+89t1gbOp', N'juliana.kyeremeh@hotmail.com', N'Juliana', N'Gyamfi', 3, 0, 1058, 1),
(N'AnitaT', N'1000:SwIfttFkAQKFElUAsib8kxsJ5p74RavX:m2JEH1Z+8HNMQmyFBODLDuR+89t1gbOp', N'anita-twumwaa@hotmail.it', N'Anita', N'Twumwaa', 3, 0, 1056, 1),
(N'ImeB', N'1000:SwIfttFkAQKFElUAsib8kxsJ5p74RavX:m2JEH1Z+8HNMQmyFBODLDuR+89t1gbOp', N'imeebrawner@gmail.com', N'Imee', N'Brawner', 3, 0, 1059, 1),
(N'PaulC', N'1000:SwIfttFkAQKFElUAsib8kxsJ5p74RavX:m2JEH1Z+8HNMQmyFBODLDuR+89t1gbOp', N'paulkuttycherian@gmail.com', N'Paul', N'Cherian', 3, 0, 1060, 1),
(N'NicholasD', N'1000:SwIfttFkAQKFElUAsib8kxsJ5p74RavX:m2JEH1Z+8HNMQmyFBODLDuR+89t1gbOp', N'nickdavis123@gmail.com', N'Nicholas', N'Davis', 3, 0, 1064, 1)


-- Employees
INSERT INTO [dbo].[Employee] -- ALL THESE CAN BE SET UP WITH A NOUVITA HCA CONTRACT (DURING TESTING PHASE)
(CompanyId, EmployeeTypeId, Address, City, Postcode, Telephone, Mobile, GenderId, UserId, IsActive) VALUES
(2, 3, N'1 Somewhere Place', N'Letchworth', N'SG8 6TY', N'01462 482 195', N'07975 382 915', 1, 33, 1), -- Stephen Davis
(2, 3, N'21 Sycamore Ave.', N'Ware', N'SG19 4UI', N'01463 834 943', N'07923 836 128', 0, 248, 1), -- Leah Beirne
(2, 3, N'94 Sloe Lane', N'Hitchin', N'SG4 2UP', N'01462 325 698', N'07923 982 345', 0, 63, 1), -- Christine Barker 
(2, 3, N'8 Acacia Rd.', N'Hertford', N'SG18 5DF', N'01462 573 836', N'07975 398 125', 0, 61, 1), -- Ronnie Matsa
(2, 3, N'2b Fenay Lea Drive', N'Letchworth', N'SG5 5DS', N'01462 836 573', N'07975 125 398', 0, 62, 1), -- Wendy Benford
(2, 3, N'24 Acacia Rd.', N'Hertford', N'SG18 5DF', N'01462 773 833', N'07973 392 124', 0, 249, 1), -- Rorie Gill
(2, 3, N'108 Mill Drive', N'Stevenage', N'SG1 3TF', N'01462 174 732', N'07978 763 245', 0, 89, 1), -- Judith Chowa
(2, 3, N'3 Church Lane', N'Moorden', N'SD3 9JF', N'01462 456 732', N'07978 763 453', 0, 60, 1), -- Martin Skinner
(2, 3, N'41 Whinbush Road', N'Hitchin', N'SG4 7GH', N'01462 345 872', N'07923 546 242', 0, 175, 1), -- Beth Cusack
(2, 3, N'71 Nelson Mandella House', N'Peckham', N'SW1 3HJ', N'01462 826 528', N'07348 456 245', 0, 110, 1), -- Smolley Gosho
(2, 3, N'808 The Studio', N'Huddersfield', N'HD5 8RR', N'01484 826 528', N'07976 456 245', 0, 141, 1), -- Felix Tapiwa Manyeku
(3, 3, N'10 South Street', N'Romford', N'RM1 1RD', N'01484 826 528', N'07976 456 245', 0, 157, 1) -- Jacky Smith


-- RESOURCES
INSERT INTO [DBO].[RESOURCE]
(NAME, BASERATE, ISACTIVE) VALUES
(N'RMN', 9.80, 1),
(N'HCA', 8.00, 1),
(N'CHEF', 8.20, 1),
(N'CLEANER', 7.80, 1),
(N'SITE MANAGER', 10.00, 1),
(N'OFFICE ADMINISTRATOR', 8.50, 1)


-- Contracts
INSERT INTO [dbo].[Contract]
(ResourceId, EmployeeId, AgencyWorkerId, WeeklyHours, BaseRateOverride, OvertimeModifierOverride, IsActive) VALUES
(2, 1, NULL, 48, NULL, NULL, 1),
(2, 2, NULL, 48, NULL, NULL, 1),
(2, 3, NULL, 48, NULL, NULL, 1),
(2, 4, NULL, 48, NULL, NULL, 1),
(2, 5, NULL, 48, NULL, NULL, 1),
(2, 6, NULL, 48, NULL, NULL, 1),
(2, 7, NULL, 48, NULL, NULL, 1),
(2, 8, NULL, 48, NULL, NULL, 1),
(2, 9, NULL, 48, NULL, NULL, 1),
(2, 10, NULL, 48, NULL, NULL, 1),
(2, 11, NULL, 48, NULL, NULL, 1),
(5, 12, NULL, 40, NULL, NULL, 1)


-- Site Types
INSERT INTO [dbo].[SiteType]
(Name, IsActive) VALUES
(N'Hospital', 1),
(N'Home', 1)


-- SubSite Types
INSERT INTO [dbo].[SubSiteType]
(Name, IsActive) VALUES
(N'Ward', 1),
(N'Floor', 1)


-- Sites
INSERT INTO [dbo].[Site]
(Name, PayrollStartDate, SiteTypeId, CompanyId, IsActive) VALUES
(N'Winnett Cottage', 21, 2, 2, 1),
--(N'The Coach House', 21, 1, 2, 1),
--(N'Greenwood Cottage', 21, 1, 2, 1),
--(N'Eltisley Manor', 21, 1, 2, 1),
--(N'Baldock Manor', 21, 2, 1, 1),
--(N'Windsor House', 21, 2, 1, 1),
--(N'Lavender Lodge', 21, 2, 1, 1),
--(N'Howe Dell Manor', 21, 2, 1, 1),
(N'Broad Oak Manor', 21, 2, 3, 1)


-- Site Personnel Lookups
INSERT INTO [dbo].[SitePersonnelLookup]
(EmployeeId, AgencyWorkerId, SiteId, SubSiteId, IsActive) VALUES
(1, NULL, 1, NULL, 1),
(2, NULL, 1, NULL, 1),
(3, NULL, 1, NULL, 1),
(4, NULL, 1, NULL, 1),
(5, NULL, 1, NULL, 1),
(6, NULL, 1, NULL, 1),
(7, NULL, 1, NULL, 1),
(8, NULL, 1, NULL, 1),
(9, NULL, 1, NULL, 1),
(10, NULL, 1, NULL, 1),
(11, NULL, 1, NULL, 1),
(12, NULL, 2, NULL, 1)


-- Calendars
INSERT INTO [dbo].[Calendar]
(Name, StartDate, EndDate, SiteId, SubSiteId, IsActive) VALUES
(N'Winnett Cottage - 2016 Rota', '20160101 12:00:00 AM', '20161231 11:59:59 PM', 1, NULL, 1),
(N'Broad Oak Manor - 2016 Rota', '20160101 12:00:00 AM', '20161231 11:59:59 PM', 2, NULL, 1)


-- Shift Types
INSERT INTO [dbo].[ShiftType]
(Name, IsOvernight, IsActive) VALUES
(N'Morning', 0, 1),
(N'Day', 0, 1),
(N'Night', 1, 1),
(N'Long Morning', 0, 1),
(N'Long Day', 0, 1),
(N'Long Night', 1, 1),
(N'Bank Holiday Morning', 0, 1),
(N'Bank Holiday Day', 0, 1),
(N'Bank Holiday Night', 1, 1)


-- Shift Templates
INSERT INTO [dbo].[ShiftTemplate]
(Name, ShiftRate, ShiftTypeId, ResourceId, SiteId, SubSiteId, StartTime, EndTime, Duration, UnpaidBreakDuration, Mon, Tue, Wed, Thu, Fri, Sat, Sun, IsActive) VALUES
(N'HCA Day', 8.0, 1, 2, 1, NULL, '19000101 08:00:00 AM', '19000101 08:30:00 PM', 12.5, 0.5, 1, 1, 1, 1, 1, 1, 1, 1),
(N'HCA Night', 8.0, 3, 2, 1, NULL, '19000101 08:00:00 PM', '19000101 08:30:00 AM', 12.5, 0.5, 1, 1, 1, 1, 1, 1, 1, 1)


-- CalendarPeriodResourceRequirement
INSERT INTO [dbo].[CalendarResourceRequirement]
(CalendarId, ResourceId, StartDate, EndDate, IsActive) VALUES
(1, 2, '2016-03-01 12:00:00 AM', '2016-06-30 11:59:59 PM', 1),
(1, 2, '2016-03-01 12:00:00 AM', '2016-06-30 11:59:59 PM', 1),
(2, 1, '2016-03-01 12:00:00 AM', '2016-06-30 11:59:59 PM', 1),
(2, 1, '2016-03-01 12:00:00 AM', '2016-06-30 11:59:59 PM', 1)


-- Shift Patterns
INSERT INTO [dbo].[ShiftPattern]
(CalendarResourceRequirementId, IsActive) VALUES
(1, 1),
(2, 1),
(3, 1),
(4, 1)


-- Shifts
INSERT INTO [dbo].[Shift]
(IsAssigned, ShiftTemplateId, ShiftPatternId, StartDate, EndDate, EmployeeId, AgencyWorkerId, IsActive) VALUES
-- Stephen Davis
(1, 1, 1, '2016-03-01 08:00:00 AM', '2016-03-01 08:30:00 PM', 1, NULL, 1),
(1, 1, 1, '2016-03-02 08:00:00 AM', '2016-03-02 08:30:00 PM', 1, NULL, 1),
(1, 1, 1, '2016-03-05 08:00:00 AM', '2016-03-05 08:30:00 PM', 1, NULL, 1),
(1, 2, 1, '2016-03-07 07:00:00 PM', '2016-03-08 08:30:00 AM', 1, NULL, 1),
(1, 2, 1, '2016-03-09 08:00:00 PM', '2016-03-10 08:30:00 AM', 1, NULL, 1),
(1, 1, 1, '2016-03-11 08:00:00 AM', '2016-03-11 08:30:00 PM', 1, NULL, 1),
(1, 1, 1, '2016-03-12 08:00:00 AM', '2016-03-12 08:30:00 PM', 1, NULL, 1),
(1, 1, 1, '2016-03-13 08:00:00 AM', '2016-03-13 08:30:00 PM', 1, NULL, 1),
(1, 1, 1, '2016-03-15 08:00:00 AM', '2016-03-15 08:30:00 PM', 1, NULL, 1),
(1, 1, 1, '2016-03-16 08:00:00 AM', '2016-03-16 08:30:00 PM', 1, NULL, 1),
(1, 1, 1, '2016-03-17 08:00:00 AM', '2016-03-17 08:30:00 PM', 1, NULL, 1),
(1, 1, 1, '2016-03-21 08:00:00 AM', '2016-03-21 08:30:00 PM', 1, NULL, 1),
(1, 1, 1, '2016-03-22 08:00:00 AM', '2016-03-22 08:30:00 PM', 1, NULL, 1),
(1, 1, 1, '2016-03-24 08:00:00 AM', '2016-03-24 08:30:00 PM', 1, NULL, 1),
(1, 1, 1, '2016-03-25 08:00:00 AM', '2016-03-25 08:30:00 PM', 1, NULL, 1),
(1, 1, 1, '2016-03-27 08:00:00 AM', '2016-03-27 08:30:00 PM', 1, NULL, 1),
(1, 1, 1, '2016-03-28 08:00:00 AM', '2016-03-28 08:30:00 PM', 1, NULL, 1),
(1, 1, 1, '2016-03-29 08:00:00 AM', '2016-03-29 08:30:00 PM', 1, NULL, 1),
(1, 1, 1, '2016-03-30 08:00:00 AM', '2016-03-30 08:30:00 PM', 1, NULL, 1),
(1, 1, 1, '2016-04-02 08:00:00 AM', '2016-04-02 08:30:00 PM', 1, NULL, 1),
(1, 1, 1, '2016-04-03 08:00:00 AM', '2016-04-03 08:30:00 PM', 1, NULL, 1),
(1, 1, 1, '2016-04-07 08:00:00 AM', '2016-04-07 08:30:00 PM', 1, NULL, 1),
(1, 1, 1, '2016-04-08 08:00:00 AM', '2016-04-08 08:30:00 PM', 1, NULL, 1),
(1, 1, 1, '2016-04-09 08:00:00 AM', '2016-04-09 08:30:00 PM', 1, NULL, 1),
(1, 1, 1, '2016-04-10 08:00:00 AM', '2016-04-10 08:30:00 PM', 1, NULL, 1),
(1, 1, 1, '2016-04-12 08:00:00 AM', '2016-04-12 08:30:00 PM', 1, NULL, 1),
(1, 1, 1, '2016-04-13 08:00:00 AM', '2016-04-13 08:30:00 PM', 1, NULL, 1),
(1, 1, 1, '2016-04-14 08:00:00 AM', '2016-04-14 08:30:00 PM', 1, NULL, 1),
(1, 1, 1, '2016-04-15 08:00:00 AM', '2016-04-15 08:30:00 PM', 1, NULL, 1),
(1, 1, 1, '2016-04-17 08:00:00 AM', '2016-04-17 08:30:00 PM', 1, NULL, 1),
(1, 2, 1, '2016-04-18 08:00:00 PM', '2016-04-19 08:30:00 AM', 1, NULL, 1),
(1, 2, 1, '2016-04-19 08:00:00 PM', '2016-04-20 08:30:00 AM', 1, NULL, 1),
(1, 1, 1, '2016-04-22 08:00:00 AM', '2016-04-22 08:30:00 PM', 1, NULL, 1),
(1, 1, 1, '2016-04-25 08:00:00 AM', '2016-04-25 08:30:00 PM', 1, NULL, 1),
(1, 1, 1, '2016-04-26 08:00:00 AM', '2016-04-26 08:30:00 PM', 1, NULL, 1),
(1, 1, 1, '2016-04-27 08:00:00 AM', '2016-04-27 08:30:00 PM', 1, NULL, 1),
(1, 1, 1, '2016-04-28 08:00:00 AM', '2016-04-28 08:30:00 PM', 1, NULL, 1),
(1, 1, 1, '2016-04-30 08:00:00 AM', '2016-04-30 08:30:00 PM', 1, NULL, 1),
(1, 1, 1, '2016-05-01 08:00:00 AM', '2016-05-01 08:30:00 PM', 1, NULL, 1),
(1, 1, 1, '2016-05-04 08:00:00 AM', '2016-05-04 08:30:00 PM', 1, NULL, 1),
(1, 1, 1, '2016-05-06 08:00:00 AM', '2016-05-06 08:30:00 PM', 1, NULL, 1),
(1, 1, 1, '2016-05-07 08:00:00 AM', '2016-05-07 08:30:00 PM', 1, NULL, 1),
(1, 1, 1, '2016-05-08 08:00:00 AM', '2016-05-08 08:30:00 PM', 1, NULL, 1),
(1, 1, 1, '2016-05-10 08:00:00 AM', '2016-05-10 08:30:00 PM', 1, NULL, 1),
(1, 1, 1, '2016-05-11 08:00:00 AM', '2016-05-11 08:30:00 PM', 1, NULL, 1),
(1, 1, 1, '2016-05-12 08:00:00 AM', '2016-05-12 08:30:00 PM', 1, NULL, 1),
(1, 2, 1, '2016-05-16 08:00:00 PM', '2016-05-17 08:30:00 AM', 1, NULL, 1),
(1, 2, 1, '2016-05-17 08:00:00 PM', '2016-05-18 08:30:00 AM', 1, NULL, 1),
(1, 1, 1, '2016-05-20 08:00:00 AM', '2016-05-20 08:30:00 PM', 1, NULL, 1),
(1, 1, 1, '2016-05-22 08:00:00 AM', '2016-05-22 08:30:00 PM', 1, NULL, 1),
(1, 1, 1, '2016-05-28 08:00:00 AM', '2016-05-28 08:30:00 PM', 1, NULL, 1),
(1, 1, 1, '2016-05-29 08:00:00 AM', '2016-05-29 08:30:00 PM', 1, NULL, 1),
(1, 1, 1, '2016-06-01 08:00:00 AM', '2016-06-01 08:30:00 PM', 1, NULL, 1),
(1, 1, 1, '2016-06-03 08:00:00 AM', '2016-06-03 08:30:00 PM', 1, NULL, 1),
(1, 1, 1, '2016-06-04 08:00:00 AM', '2016-06-04 08:30:00 PM', 1, NULL, 1),
(1, 1, 1, '2016-06-05 08:00:00 AM', '2016-06-05 08:30:00 PM', 1, NULL, 1),
(1, 1, 1, '2016-06-06 08:00:00 AM', '2016-06-06 08:30:00 PM', 1, NULL, 1),

-- Leah Beirne
(1, 1, 2, '2016-03-01 08:00:00 AM', '2016-03-01 08:30:00 PM', 2, NULL, 1),
(1, 1, 2, '2016-03-02 08:00:00 AM', '2016-03-02 08:30:00 PM', 2, NULL, 1),
(1, 1, 2, '2016-03-03 08:00:00 AM', '2016-03-03 08:30:00 PM', 2, NULL, 1),
(1, 1, 2, '2016-03-07 08:00:00 AM', '2016-03-07 08:30:00 PM', 2, NULL, 1),
(1, 1, 2, '2016-03-08 08:00:00 AM', '2016-03-08 08:30:00 PM', 2, NULL, 1),
(1, 1, 2, '2016-03-09 08:00:00 AM', '2016-03-09 08:30:00 PM', 2, NULL, 1),
(1, 2, 2, '2016-03-12 08:00:00 PM', '2016-03-13 08:30:00 AM', 2, NULL, 1),
(1, 2, 2, '2016-03-13 08:00:00 PM', '2016-03-14 08:30:00 AM', 2, NULL, 1),
(1, 2, 2, '2016-03-14 08:00:00 PM', '2016-03-15 08:30:00 AM', 2, NULL, 1),
(1, 2, 1, '2016-03-15 08:00:00 PM', '2016-03-16 08:30:00 AM', 2, NULL, 1),
(1, 1, 1, '2016-03-18 08:00:00 AM', '2016-03-18 08:30:00 PM', 2, NULL, 1),
(1, 1, 2, '2016-03-24 08:00:00 AM', '2016-03-24 08:30:00 PM', 2, NULL, 1),
(1, 1, 2, '2016-03-28 08:00:00 AM', '2016-03-28 08:30:00 PM', 2, NULL, 1),
(1, 1, 2, '2016-03-29 08:00:00 AM', '2016-03-29 08:30:00 PM', 2, NULL, 1),
(1, 2, 2, '2016-04-09 08:00:00 PM', '2016-04-10 08:30:00 AM', 2, NULL, 1),
(1, 2, 1, '2016-04-11 08:00:00 PM', '2016-04-12 08:30:00 AM', 2, NULL, 1),
(1, 2, 1, '2016-04-12 08:00:00 PM', '2016-04-13 08:30:00 AM', 2, NULL, 1),
(1, 2, 1, '2016-04-13 08:00:00 PM', '2016-04-14 08:30:00 AM', 2, NULL, 1),
(1, 1, 1, '2016-04-15 08:00:00 AM', '2016-04-15 08:30:00 PM', 2, NULL, 1),
(1, 1, 1, '2016-04-18 08:00:00 AM', '2016-04-18 08:30:00 PM', 2, NULL, 1),
(1, 1, 1, '2016-04-20 08:00:00 AM', '2016-04-20 08:30:00 PM', 2, NULL, 1),
(1, 1, 1, '2016-04-21 08:00:00 AM', '2016-04-21 08:30:00 PM', 2, NULL, 1),
(1, 1, 2, '2016-04-25 08:00:00 AM', '2016-04-25 08:30:00 PM', 2, NULL, 1),
(1, 1, 2, '2016-04-26 08:00:00 AM', '2016-04-26 08:30:00 PM', 2, NULL, 1),
(1, 1, 2, '2016-04-27 08:00:00 AM', '2016-04-27 08:30:00 PM', 2, NULL, 1),
(1, 1, 2, '2016-05-02 08:00:00 AM', '2016-05-02 08:30:00 PM', 2, NULL, 1),
(1, 1, 2, '2016-05-03 08:00:00 AM', '2016-05-03 08:30:00 PM', 2, NULL, 1),
(1, 1, 1, '2016-05-05 08:00:00 AM', '2016-05-05 08:30:00 PM', 2, NULL, 1),
(1, 2, 1, '2016-05-09 08:00:00 PM', '2016-05-10 08:30:00 AM', 2, NULL, 1),
(1, 2, 1, '2016-05-10 08:00:00 PM', '2016-05-11 08:30:00 AM', 2, NULL, 1),
(1, 1, 1, '2016-05-13 08:00:00 AM', '2016-05-13 08:30:00 PM', 2, NULL, 1),
(1, 1, 1, '2016-05-16 08:00:00 AM', '2016-05-16 08:30:00 PM', 2, NULL, 1),
(1, 1, 1, '2016-05-17 08:00:00 AM', '2016-05-17 08:30:00 PM', 2, NULL, 1),
(1, 1, 1, '2016-05-19 08:00:00 AM', '2016-05-19 08:30:00 PM', 2, NULL, 1),
(1, 1, 2, '2016-05-23 08:00:00 AM', '2016-05-23 08:30:00 PM', 2, NULL, 1),
(1, 1, 2, '2016-05-24 08:00:00 AM', '2016-05-24 08:30:00 PM', 2, NULL, 1),
(1, 1, 2, '2016-05-25 08:00:00 AM', '2016-05-25 08:30:00 PM', 2, NULL, 1),
(1, 1, 2, '2016-05-26 08:00:00 AM', '2016-05-26 08:30:00 PM', 2, NULL, 1),
(1, 1, 2, '2016-05-30 08:00:00 AM', '2016-05-30 08:30:00 PM', 2, NULL, 1),
(1, 1, 2, '2016-05-31 08:00:00 AM', '2016-05-31 08:30:00 PM', 2, NULL, 1),
(1, 1, 1, '2016-06-02 08:00:00 AM', '2016-06-02 08:30:00 PM', 2, NULL, 1),
(1, 2, 1, '2016-06-06 08:00:00 PM', '2016-06-07 08:30:00 AM', 2, NULL, 1),
(1, 2, 1, '2016-06-07 08:00:00 PM', '2016-06-08 08:30:00 AM', 2, NULL, 1),
(1, 1, 1, '2016-06-10 08:00:00 AM', '2016-06-10 08:30:00 PM', 2, NULL, 1),
(1, 1, 1, '2016-06-13 08:00:00 AM', '2016-06-13 08:30:00 PM', 2, NULL, 1),
(1, 1, 1, '2016-06-14 08:00:00 AM', '2016-06-14 08:30:00 PM', 2, NULL, 1),
(1, 1, 1, '2016-06-16 08:00:00 AM', '2016-06-16 08:30:00 PM', 2, NULL, 1),
(1, 1, 2, '2016-06-20 08:00:00 AM', '2016-06-20 08:30:00 PM', 2, NULL, 1),

-- Christine Barker
(1, 2, 2, '2016-03-01 08:00:00 PM', '2016-03-02 08:30:00 AM', 3, NULL, 1),
(1, 2, 2, '2016-03-02 08:00:00 PM', '2016-03-03 08:30:00 AM', 3, NULL, 1),
(1, 2, 2, '2016-03-04 08:00:00 PM', '2016-03-05 08:30:00 AM', 3, NULL, 1),
(1, 2, 2, '2016-03-05 08:00:00 PM', '2016-03-06 08:30:00 AM', 3, NULL, 1),
(1, 2, 2, '2016-03-11 08:00:00 PM', '2016-03-12 08:30:00 AM', 3, NULL, 1),
(1, 2, 2, '2016-03-15 08:00:00 PM', '2016-03-16 08:30:00 AM', 3, NULL, 1),
(1, 2, 2, '2016-03-16 08:00:00 PM', '2016-03-17 08:30:00 AM', 3, NULL, 1),
(1, 2, 2, '2016-03-17 08:00:00 PM', '2016-03-18 08:30:00 AM', 3, NULL, 1),
(1, 2, 1, '2016-03-19 08:00:00 PM', '2016-03-20 08:30:00 AM', 3, NULL, 1),
(1, 2, 1, '2016-03-20 08:00:00 PM', '2016-03-21 08:30:00 AM', 3, NULL, 1),
(1, 2, 1, '2016-03-21 08:00:00 PM', '2016-03-22 08:30:00 AM', 3, NULL, 1),
(1, 2, 1, '2016-03-25 08:00:00 PM', '2016-03-26 08:30:00 AM', 3, NULL, 1),
(1, 2, 1, '2016-03-26 08:00:00 PM', '2016-03-27 08:30:00 AM', 3, NULL, 1),
(1, 2, 2, '2016-03-27 08:00:00 PM', '2016-03-28 08:30:00 AM', 3, NULL, 1),
(1, 2, 2, '2016-03-31 08:00:00 PM', '2016-04-01 08:30:00 AM', 3, NULL, 1),
(1, 2, 2, '2016-04-01 08:00:00 PM', '2016-04-02 08:30:00 AM', 3, NULL, 1),
(1, 2, 2, '2016-04-02 08:00:00 PM', '2016-04-03 08:30:00 AM', 3, NULL, 1),
(1, 2, 2, '2016-04-04 08:00:00 PM', '2016-04-05 08:30:00 AM', 3, NULL, 1),
(1, 2, 2, '2016-04-05 08:00:00 PM', '2016-04-06 08:30:00 AM', 3, NULL, 1),
(1, 2, 2, '2016-04-06 08:00:00 PM', '2016-04-07 08:30:00 AM', 3, NULL, 1),
(1, 2, 2, '2016-04-07 08:00:00 PM', '2016-04-08 08:30:00 AM', 3, NULL, 1),
(1, 2, 2, '2016-04-12 08:00:00 PM', '2016-04-13 08:30:00 AM', 3, NULL, 1),
(1, 2, 2, '2016-04-13 08:00:00 PM', '2016-04-14 08:30:00 AM', 3, NULL, 1),
(1, 2, 2, '2016-04-14 08:00:00 PM', '2016-04-15 08:30:00 AM', 3, NULL, 1),
(1, 2, 2, '2016-04-17 08:00:00 PM', '2016-04-18 08:30:00 AM', 3, NULL, 1),
(1, 2, 2, '2016-04-18 08:00:00 PM', '2016-04-19 08:30:00 AM', 3, NULL, 1),
(1, 2, 2, '2016-04-22 08:00:00 PM', '2016-04-23 08:30:00 AM', 3, NULL, 1),
(1, 2, 1, '2016-04-23 08:00:00 PM', '2016-04-24 08:30:00 AM', 3, NULL, 1),
(1, 2, 2, '2016-04-24 08:00:00 PM', '2016-04-25 08:30:00 AM', 3, NULL, 1),
(1, 2, 2, '2016-04-26 08:00:00 PM', '2016-04-27 08:30:00 AM', 3, NULL, 1),
(1, 2, 2, '2016-04-29 08:00:00 PM', '2016-04-30 08:30:00 AM', 3, NULL, 1),
(1, 2, 2, '2016-04-30 08:00:00 PM', '2016-05-01 08:30:00 AM', 3, NULL, 1),
(1, 2, 2, '2016-05-02 08:00:00 PM', '2016-05-03 08:30:00 AM', 3, NULL, 1),
(1, 2, 1, '2016-05-04 08:00:00 PM', '2016-05-05 08:30:00 AM', 3, NULL, 1),
(1, 2, 1, '2016-05-05 08:00:00 PM', '2016-05-06 08:30:00 AM', 3, NULL, 1),
(1, 2, 1, '2016-05-07 08:00:00 PM', '2016-05-08 08:30:00 AM', 3, NULL, 1),
(1, 2, 2, '2016-05-10 08:00:00 PM', '2016-05-11 08:30:00 AM', 3, NULL, 1),
(1, 2, 2, '2016-05-11 08:00:00 PM', '2016-05-12 08:30:00 AM', 3, NULL, 1),
(1, 2, 2, '2016-05-12 08:00:00 PM', '2016-05-13 08:30:00 AM', 3, NULL, 1),
(1, 2, 1, '2016-05-15 08:00:00 PM', '2016-05-16 08:30:00 AM', 3, NULL, 1),
(1, 2, 2, '2016-05-16 08:00:00 PM', '2016-05-17 08:30:00 AM', 3, NULL, 1),
(1, 2, 1, '2016-05-20 08:00:00 PM', '2016-05-21 08:30:00 AM', 3, NULL, 1),
(1, 2, 1, '2016-05-21 08:00:00 PM', '2016-05-22 08:30:00 AM', 3, NULL, 1),
(1, 2, 2, '2016-05-22 08:00:00 PM', '2016-05-23 08:30:00 AM', 3, NULL, 1),
(1, 2, 2, '2016-05-27 08:00:00 PM', '2016-05-28 08:30:00 AM', 3, NULL, 1),
(1, 2, 2, '2016-05-28 08:00:00 PM', '2016-05-29 08:30:00 AM', 3, NULL, 1),
(1, 2, 1, '2016-05-30 08:00:00 PM', '2016-05-31 08:30:00 AM', 3, NULL, 1),
(1, 2, 1, '2016-06-01 08:00:00 PM', '2016-06-02 08:30:00 AM', 3, NULL, 1),
(1, 2, 1, '2016-06-02 08:00:00 PM', '2016-06-03 08:30:00 AM', 3, NULL, 1),
(1, 2, 2, '2016-06-07 08:00:00 PM', '2016-06-08 08:30:00 AM', 3, NULL, 1),
(1, 2, 2, '2016-06-08 08:00:00 PM', '2016-06-09 08:30:00 AM', 3, NULL, 1),
(1, 2, 2, '2016-06-09 08:00:00 PM', '2016-06-10 08:30:00 AM', 3, NULL, 1),
(1, 2, 1, '2016-06-12 08:00:00 PM', '2016-06-13 08:30:00 AM', 3, NULL, 1),
(1, 2, 2, '2016-06-13 08:00:00 PM', '2016-06-14 08:30:00 AM', 3, NULL, 1),
(1, 2, 1, '2016-06-17 08:00:00 PM', '2016-06-18 08:30:00 AM', 3, NULL, 1),
(1, 2, 1, '2016-06-18 08:00:00 PM', '2016-06-19 08:30:00 AM', 3, NULL, 1),
(1, 2, 2, '2016-06-19 08:00:00 PM', '2016-06-20 08:30:00 AM', 3, NULL, 1),

-- Ronnie Matsa
(1, 2, 1, '2016-03-01 08:00:00 PM', '2016-03-02 08:30:00 AM', 4, NULL, 1),
(1, 2, 1, '2016-03-04 08:00:00 PM', '2016-03-05 08:30:00 AM', 4, NULL, 1),
(1, 2, 1, '2016-03-05 08:00:00 PM', '2016-03-06 08:30:00 AM', 4, NULL, 1),
(1, 2, 1, '2016-03-06 08:00:00 PM', '2016-03-07 08:30:00 AM', 4, NULL, 1),
(1, 2, 2, '2016-03-07 08:00:00 PM', '2016-03-08 08:30:00 AM', 4, NULL, 1),
(1, 2, 1, '2016-03-08 08:00:00 PM', '2016-03-09 08:30:00 AM', 4, NULL, 1),
(1, 2, 1, '2016-03-11 08:00:00 PM', '2016-03-12 08:30:00 AM', 4, NULL, 1),
(1, 2, 1, '2016-03-16 08:00:00 PM', '2016-03-17 08:30:00 AM', 4, NULL, 1),
(1, 2, 1, '2016-03-17 08:00:00 PM', '2016-03-18 08:30:00 AM', 4, NULL, 1),
(1, 2, 1, '2016-03-18 08:00:00 PM', '2016-03-19 08:30:00 AM', 4, NULL, 1),
(1, 1, 1, '2016-03-20 08:00:00 AM', '2016-03-20 08:30:00 PM', 4, NULL, 1),
(1, 2, 1, '2016-03-22 08:00:00 PM', '2016-03-23 08:30:00 AM', 4, NULL, 1),
(1, 2, 1, '2016-03-23 08:00:00 PM', '2016-03-24 08:30:00 AM', 4, NULL, 1),
(1, 2, 1, '2016-03-24 08:00:00 PM', '2016-03-25 08:30:00 AM', 4, NULL, 1),
(1, 2, 1, '2016-03-27 08:00:00 PM', '2016-03-28 08:30:00 AM', 4, NULL, 1),
(1, 2, 1, '2016-03-28 08:00:00 PM', '2016-03-29 08:30:00 AM', 4, NULL, 1),
(1, 2, 1, '2016-03-30 08:00:00 PM', '2016-03-31 08:30:00 AM', 4, NULL, 1),
(1, 2, 1, '2016-04-01 08:00:00 PM', '2016-04-02 08:30:00 AM', 4, NULL, 1),
(1, 2, 1, '2016-04-02 08:00:00 PM', '2016-04-03 08:30:00 AM', 4, NULL, 1),
(1, 2, 1, '2016-04-03 08:00:00 PM', '2016-04-04 08:30:00 AM', 4, NULL, 1),
(1, 2, 1, '2016-04-04 08:00:00 PM', '2016-04-05 08:30:00 AM', 4, NULL, 1),
(1, 2, 1, '2016-04-08 08:00:00 PM', '2016-04-09 08:30:00 AM', 4, NULL, 1),
(1, 2, 1, '2016-04-10 08:00:00 PM', '2016-04-11 08:30:00 AM', 4, NULL, 1),
(1, 2, 1, '2016-04-14 08:00:00 PM', '2016-04-15 08:30:00 AM', 4, NULL, 1),
(1, 1, 1, '2016-04-16 08:00:00 AM', '2016-04-16 08:30:00 PM', 4, NULL, 1),
(1, 1, 2, '2016-04-17 08:00:00 AM', '2016-04-17 08:30:00 PM', 4, NULL, 1),
(1, 2, 2, '2016-04-19 08:00:00 PM', '2016-04-20 08:30:00 AM', 4, NULL, 1),
(1, 2, 1, '2016-04-20 08:00:00 PM', '2016-04-21 08:30:00 AM', 4, NULL, 1),
(1, 2, 1, '2016-04-21 08:00:00 PM', '2016-04-22 08:30:00 AM', 4, NULL, 1),
(1, 2, 1, '2016-04-22 08:00:00 PM', '2016-04-23 08:30:00 AM', 4, NULL, 1),
(1, 2, 1, '2016-04-24 08:00:00 PM', '2016-04-25 08:30:00 AM', 4, NULL, 1),
(1, 2, 1, '2016-04-25 08:00:00 PM', '2016-04-26 08:30:00 AM', 4, NULL, 1),
(1, 2, 1, '2016-04-29 08:00:00 PM', '2016-04-30 08:30:00 AM', 4, NULL, 1),
(1, 2, 1, '2016-04-30 08:00:00 PM', '2016-05-01 08:30:00 AM', 4, NULL, 1),
(1, 2, 1, '2016-05-01 08:00:00 PM', '2016-05-02 08:30:00 AM', 4, NULL, 1),
(1, 2, 1, '2016-05-03 08:00:00 PM', '2016-05-04 08:30:00 AM', 4, NULL, 1),
(1, 2, 1, '2016-05-11 08:00:00 PM', '2016-05-12 08:30:00 AM', 4, NULL, 1),
(1, 2, 1, '2016-05-12 08:00:00 PM', '2016-05-13 08:30:00 AM', 4, NULL, 1),
(1, 1, 1, '2016-05-15 08:00:00 AM', '2016-05-15 08:30:00 PM', 4, NULL, 1),
(1, 2, 2, '2016-05-17 08:00:00 PM', '2016-05-18 08:30:00 AM', 4, NULL, 1),
(1, 2, 1, '2016-05-18 08:00:00 PM', '2016-05-19 08:30:00 AM', 4, NULL, 1),
(1, 2, 1, '2016-05-19 08:00:00 PM', '2016-05-20 08:30:00 AM', 4, NULL, 1),
(1, 2, 1, '2016-05-22 08:00:00 PM', '2016-05-23 08:30:00 AM', 4, NULL, 1),
(1, 2, 1, '2016-05-23 08:00:00 PM', '2016-05-24 08:30:00 AM', 4, NULL, 1),
(1, 2, 1, '2016-05-27 08:00:00 PM', '2016-05-28 08:30:00 AM', 4, NULL, 1),
(1, 2, 1, '2016-05-28 08:00:00 PM', '2016-05-29 08:30:00 AM', 4, NULL, 1),
(1, 2, 1, '2016-05-29 08:00:00 PM', '2016-05-30 08:30:00 AM', 4, NULL, 1),
(1, 2, 1, '2016-06-03 08:00:00 PM', '2016-06-04 08:30:00 AM', 4, NULL, 1),
(1, 2, 1, '2016-06-04 08:00:00 PM', '2016-06-05 08:30:00 AM', 4, NULL, 1),
(1, 2, 1, '2016-06-08 08:00:00 PM', '2016-06-09 08:30:00 AM', 4, NULL, 1),
(1, 2, 1, '2016-06-09 08:00:00 PM', '2016-06-10 08:30:00 AM', 4, NULL, 1),
(1, 2, 1, '2016-06-14 08:00:00 PM', '2016-06-15 08:30:00 AM', 4, NULL, 1),
(1, 2, 1, '2016-06-15 08:00:00 PM', '2016-06-16 08:30:00 AM', 4, NULL, 1),
(1, 2, 1, '2016-06-16 08:00:00 PM', '2016-06-17 08:30:00 AM', 4, NULL, 1),
(1, 2, 1, '2016-06-19 08:00:00 PM', '2016-06-20 08:30:00 AM', 4, NULL, 1),
(1, 2, 1, '2016-06-20 08:00:00 PM', '2016-06-21 08:30:00 AM', 4, NULL, 1),

-- Wendy Benford
(1, 2, 1, '2016-03-02 08:00:00 PM', '2016-03-03 08:30:00 AM', 5, NULL, 1),
(1, 2, 1, '2016-03-03 08:00:00 PM', '2016-03-04 08:30:00 AM', 5, NULL, 1),
(1, 2, 2, '2016-03-08 08:00:00 PM', '2016-03-09 08:30:00 AM', 5, NULL, 1),
(1, 2, 2, '2016-03-09 08:00:00 PM', '2016-03-10 08:30:00 AM', 5, NULL, 1),
(1, 2, 2, '2016-03-10 08:00:00 PM', '2016-03-11 08:30:00 AM', 5, NULL, 1),
(1, 2, 1, '2016-03-13 08:00:00 PM', '2016-03-14 08:30:00 AM', 5, NULL, 1),
(1, 2, 1, '2016-03-14 08:00:00 PM', '2016-03-15 08:30:00 AM', 5, NULL, 1),
(1, 2, 2, '2016-03-18 08:00:00 PM', '2016-03-19 08:30:00 AM', 5, NULL, 1),
(1, 2, 2, '2016-03-19 08:00:00 PM', '2016-03-20 08:30:00 AM', 5, NULL, 1),
(1, 2, 2, '2016-03-20 08:00:00 PM', '2016-03-21 08:30:00 AM', 5, NULL, 1),
(1, 2, 2, '2016-03-25 08:00:00 PM', '2016-03-26 08:30:00 AM', 5, NULL, 1),
(1, 2, 2, '2016-03-26 08:00:00 PM', '2016-03-27 08:30:00 AM', 5, NULL, 1),
(1, 2, 1, '2016-04-05 08:00:00 PM', '2016-04-06 08:30:00 AM', 5, NULL, 1),
(1, 2, 1, '2016-04-06 08:00:00 PM', '2016-04-07 08:30:00 AM', 5, NULL, 1),
(1, 2, 1, '2016-04-07 08:00:00 PM', '2016-04-08 08:30:00 AM', 5, NULL, 1),
(1, 2, 2, '2016-04-10 08:00:00 PM', '2016-04-11 08:30:00 AM', 5, NULL, 1),
(1, 2, 2, '2016-04-11 08:00:00 PM', '2016-04-12 08:30:00 AM', 5, NULL, 1),
(1, 2, 2, '2016-04-15 08:00:00 PM', '2016-04-16 08:30:00 AM', 5, NULL, 1),
(1, 2, 2, '2016-04-16 08:00:00 PM', '2016-04-17 08:30:00 AM', 5, NULL, 1),
(1, 2, 1, '2016-04-17 08:00:00 PM', '2016-04-18 08:30:00 AM', 5, NULL, 1),
(1, 2, 1, '2016-04-26 08:00:00 PM', '2016-04-27 08:30:00 AM', 5, NULL, 1),
(1, 2, 1, '2016-04-27 08:00:00 PM', '2016-04-28 08:30:00 AM', 5, NULL, 1),
(1, 2, 1, '2016-04-28 08:00:00 PM', '2016-04-29 08:30:00 AM', 5, NULL, 1),
(1, 2, 2, '2016-05-01 08:00:00 PM', '2016-05-02 08:30:00 AM', 5, NULL, 1),
(1, 2, 1, '2016-05-02 08:00:00 PM', '2016-05-03 08:30:00 AM', 5, NULL, 1),
(1, 2, 2, '2016-05-06 08:00:00 PM', '2016-05-07 08:30:00 AM', 5, NULL, 1),
(1, 2, 2, '2016-05-07 08:00:00 PM', '2016-05-08 08:30:00 AM', 5, NULL, 1),
(1, 2, 1, '2016-05-08 08:00:00 PM', '2016-05-09 08:30:00 AM', 5, NULL, 1),
(1, 2, 1, '2016-05-13 08:00:00 PM', '2016-05-14 08:30:00 AM', 5, NULL, 1),
(1, 2, 1, '2016-05-14 08:00:00 PM', '2016-05-15 08:30:00 AM', 5, NULL, 1),
(1, 2, 2, '2016-05-18 08:00:00 PM', '2016-05-19 08:30:00 AM', 5, NULL, 1),
(1, 2, 2, '2016-05-19 08:00:00 PM', '2016-05-20 08:30:00 AM', 5, NULL, 1),
(1, 2, 1, '2016-05-24 08:00:00 PM', '2016-05-25 08:30:00 AM', 5, NULL, 1),
(1, 2, 1, '2016-05-25 08:00:00 PM', '2016-05-26 08:30:00 AM', 5, NULL, 1),
(1, 2, 1, '2016-05-26 08:00:00 PM', '2016-05-27 08:30:00 AM', 5, NULL, 1),
(1, 2, 2, '2016-05-29 08:00:00 PM', '2016-05-30 08:30:00 AM', 5, NULL, 1),
(1, 2, 2, '2016-05-30 08:00:00 PM', '2016-05-31 08:30:00 AM', 5, NULL, 1),
(1, 2, 2, '2016-06-03 08:00:00 PM', '2016-06-04 08:30:00 AM', 5, NULL, 1),
(1, 2, 2, '2016-06-04 08:00:00 PM', '2016-06-05 08:30:00 AM', 5, NULL, 1),
(1, 2, 1, '2016-06-05 08:00:00 PM', '2016-06-06 08:30:00 AM', 5, NULL, 1),
(1, 2, 2, '2016-06-15 08:00:00 PM', '2016-06-16 08:30:00 AM', 5, NULL, 1),
(1, 2, 2, '2016-06-16 08:00:00 PM', '2016-06-17 08:30:00 AM', 5, NULL, 1),

-- Rorie Gill
(1, 1, 1, '2016-03-03 08:00:00 AM', '2016-03-03 08:30:00 PM', 6, NULL, 1),
(1, 1, 1, '2016-03-07 08:00:00 AM', '2016-03-07 08:30:00 PM', 6, NULL, 1),
(1, 1, 1, '2016-03-08 08:00:00 AM', '2016-03-08 08:30:00 PM', 6, NULL, 1),
(1, 1, 1, '2016-03-09 08:00:00 AM', '2016-03-09 08:30:00 PM', 6, NULL, 1),
(1, 2, 1, '2016-03-10 08:00:00 PM', '2016-03-11 08:30:00 AM', 6, NULL, 1),
(1, 1, 2, '2016-03-12 08:00:00 AM', '2016-03-12 08:30:00 PM', 6, NULL, 1),
(1, 1, 2, '2016-03-13 08:00:00 AM', '2016-03-13 08:30:00 PM', 6, NULL, 1),
(1, 1, 1, '2016-03-14 08:00:00 AM', '2016-03-14 08:30:00 PM', 6, NULL, 1),
(1, 1, 2, '2016-03-16 08:00:00 AM', '2016-03-16 08:30:00 PM', 6, NULL, 1),
(1, 2, 2, '2016-03-17 08:00:00 PM', '2016-03-17 08:30:00 AM', 6, NULL, 1),
(1, 1, 1, '2016-03-19 08:00:00 AM', '2016-03-19 08:30:00 PM', 6, NULL, 1),
(1, 1, 2, '2016-03-20 08:00:00 AM', '2016-03-20 08:30:00 PM', 6, NULL, 1),
(1, 2, 2, '2016-03-28 08:00:00 PM', '2016-03-29 08:30:00 AM', 6, NULL, 1),
(1, 2, 1, '2016-03-29 08:00:00 PM', '2016-03-30 08:30:00 AM', 6, NULL, 1),
(1, 1, 1, '2016-04-01 08:00:00 AM', '2016-04-01 08:30:00 PM', 6, NULL, 1),
(1, 1, 2, '2016-04-04 08:00:00 AM', '2016-04-04 08:30:00 PM', 6, NULL, 1),
(1, 1, 1, '2016-04-05 08:00:00 AM', '2016-04-05 08:30:00 PM', 6, NULL, 1),
(1, 1, 2, '2016-04-06 08:00:00 AM', '2016-04-06 08:30:00 PM', 6, NULL, 1),
(1, 1, 2, '2016-04-07 08:00:00 AM', '2016-04-07 08:30:00 PM', 6, NULL, 1),
(1, 1, 2, '2016-04-10 08:00:00 AM', '2016-04-10 08:30:00 PM', 6, NULL, 1),
(1, 1, 1, '2016-04-11 08:00:00 AM', '2016-04-11 08:30:00 PM', 6, NULL, 1),
(1, 1, 2, '2016-04-13 08:00:00 AM', '2016-04-13 08:30:00 PM', 6, NULL, 1),
(1, 1, 2, '2016-04-20 08:00:00 AM', '2016-04-20 08:30:00 PM', 6, NULL, 1),
(1, 1, 2, '2016-04-21 08:00:00 AM', '2016-04-21 08:30:00 PM', 6, NULL, 1),
(1, 1, 1, '2016-04-24 08:00:00 AM', '2016-04-24 08:30:00 PM', 6, NULL, 1),
(1, 2, 2, '2016-04-25 08:00:00 PM', '2016-04-26 08:30:00 AM', 6, NULL, 1),
(1, 1, 1, '2016-04-29 08:00:00 AM', '2016-04-29 08:30:00 PM', 6, NULL, 1),
(1, 1, 1, '2016-05-02 08:00:00 AM', '2016-05-02 08:30:00 PM', 6, NULL, 1),
(1, 1, 1, '2016-05-03 08:00:00 AM', '2016-05-03 08:30:00 PM', 6, NULL, 1),
(1, 1, 2, '2016-05-04 08:00:00 AM', '2016-05-04 08:30:00 PM', 6, NULL, 1),
(1, 1, 2, '2016-05-07 08:00:00 AM', '2016-05-07 08:30:00 PM', 6, NULL, 1),
(1, 1, 2, '2016-05-08 08:00:00 AM', '2016-05-08 08:30:00 PM', 6, NULL, 1),
(1, 1, 1, '2016-05-09 08:00:00 AM', '2016-05-09 08:30:00 PM', 6, NULL, 1),
(1, 1, 2, '2016-05-11 08:00:00 AM', '2016-05-11 08:30:00 PM', 6, NULL, 1),
(1, 1, 2, '2016-05-14 08:00:00 AM', '2016-05-14 08:30:00 PM', 6, NULL, 1),
(1, 1, 2, '2016-05-15 08:00:00 AM', '2016-05-15 08:30:00 PM', 6, NULL, 1),
(1, 1, 1, '2016-05-18 08:00:00 AM', '2016-05-18 08:30:00 PM', 6, NULL, 1),
(1, 1, 2, '2016-05-19 08:00:00 AM', '2016-05-19 08:30:00 PM', 6, NULL, 1),
(1, 2, 2, '2016-05-23 08:00:00 PM', '2016-05-24 08:30:00 AM', 6, NULL, 1),
(1, 2, 2, '2016-05-24 08:00:00 PM', '2016-05-25 08:30:00 AM', 6, NULL, 1),
(1, 1, 1, '2016-05-27 08:00:00 AM', '2016-05-27 08:30:00 PM', 6, NULL, 1),
(1, 1, 1, '2016-05-30 08:00:00 AM', '2016-05-30 08:30:00 PM', 6, NULL, 1),
(1, 1, 1, '2016-05-31 08:00:00 AM', '2016-05-31 08:30:00 PM', 6, NULL, 1),
(1, 1, 2, '2016-06-01 08:00:00 AM', '2016-06-01 08:30:00 PM', 6, NULL, 1),
(1, 1, 2, '2016-06-04 08:00:00 AM', '2016-06-04 08:30:00 PM', 6, NULL, 1),
(1, 1, 2, '2016-06-05 08:00:00 AM', '2016-06-05 08:30:00 PM', 6, NULL, 1),
(1, 1, 1, '2016-06-09 08:00:00 AM', '2016-06-09 08:30:00 PM', 6, NULL, 1),
(1, 1, 1, '2016-06-11 08:00:00 AM', '2016-06-11 08:30:00 PM', 6, NULL, 1),
(1, 1, 2, '2016-06-12 08:00:00 AM', '2016-06-12 08:30:00 PM', 6, NULL, 1),
(1, 1, 2, '2016-06-16 08:00:00 AM', '2016-06-16 08:30:00 PM', 6, NULL, 1),
(1, 1, 1, '2016-06-20 08:00:00 AM', '2016-06-20 08:30:00 PM', 6, NULL, 1),

-- Judith Chowa
(1, 2, 2, '2016-03-03 08:00:00 PM', '2016-03-04 08:30:00 AM', 7, NULL, 1),
(1, 2, 2, '2016-03-24 08:00:00 PM', '2016-03-25 08:30:00 AM', 7, NULL, 1),
(1, 2, 2, '2016-04-03 08:00:00 PM', '2016-04-04 08:30:00 AM', 7, NULL, 1),
(1, 2, 2, '2016-04-08 08:00:00 PM', '2016-04-09 08:30:00 AM', 7, NULL, 1),

-- Martin Skinner
(1, 1, 2, '2016-03-04 08:00:00 AM', '2016-03-04 08:30:00 PM', 8, NULL, 1),
(1, 1, 2, '2016-03-05 08:00:00 AM', '2016-03-05 08:30:00 PM', 8, NULL, 1),
(1, 1, 2, '2016-03-06 08:00:00 AM', '2016-03-06 08:30:00 PM', 8, NULL, 1),
(1, 1, 2, '2016-03-10 08:00:00 AM', '2016-03-10 08:30:00 PM', 8, NULL, 1),
(1, 1, 2, '2016-03-14 08:00:00 AM', '2016-03-14 08:30:00 PM', 8, NULL, 1),
(1, 1, 2, '2016-03-15 08:00:00 AM', '2016-03-15 08:30:00 PM', 8, NULL, 1),
(1, 1, 2, '2016-03-17 08:00:00 AM', '2016-03-17 08:30:00 PM', 8, NULL, 1),
(1, 1, 2, '2016-03-21 08:00:00 AM', '2016-03-21 08:30:00 PM', 8, NULL, 1),
(1, 1, 2, '2016-03-22 08:00:00 AM', '2016-03-22 08:30:00 PM', 8, NULL, 1),
(1, 1, 2, '2016-03-23 08:00:00 AM', '2016-03-23 08:30:00 PM', 8, NULL, 1),
(1, 1, 2, '2016-03-26 08:00:00 AM', '2016-03-26 08:30:00 PM', 8, NULL, 1),
(1, 1, 2, '2016-03-27 08:00:00 AM', '2016-03-27 08:30:00 PM', 8, NULL, 1),
(1, 1, 2, '2016-04-01 08:00:00 AM', '2016-04-01 08:30:00 PM', 8, NULL, 1),
(1, 1, 2, '2016-04-02 08:00:00 AM', '2016-04-02 08:30:00 PM', 8, NULL, 1),
(1, 1, 2, '2016-04-03 08:00:00 AM', '2016-04-03 08:30:00 PM', 8, NULL, 1),
(1, 1, 2, '2016-04-11 08:00:00 AM', '2016-04-11 08:30:00 PM', 8, NULL, 1),
(1, 1, 2, '2016-04-12 08:00:00 AM', '2016-04-12 08:30:00 PM', 8, NULL, 1),
(1, 1, 2, '2016-04-14 08:00:00 AM', '2016-04-14 08:30:00 PM', 8, NULL, 1),
(1, 1, 2, '2016-04-18 08:00:00 AM', '2016-04-18 08:30:00 PM', 8, NULL, 1),
(1, 1, 2, '2016-04-19 08:00:00 AM', '2016-04-19 08:30:00 PM', 8, NULL, 1),
(1, 1, 2, '2016-04-20 08:00:00 AM', '2016-04-20 08:30:00 PM', 8, NULL, 1),
(1, 1, 2, '2016-04-23 08:00:00 AM', '2016-04-23 08:30:00 PM', 8, NULL, 1),
(1, 1, 2, '2016-04-24 08:00:00 AM', '2016-04-24 08:30:00 PM', 8, NULL, 1),
(1, 1, 2, '2016-04-27 08:00:00 AM', '2016-04-27 08:30:00 PM', 8, NULL, 1),
(1, 1, 2, '2016-04-29 08:00:00 AM', '2016-04-29 08:30:00 PM', 8, NULL, 1),
(1, 1, 2, '2016-04-30 08:00:00 AM', '2016-04-30 08:30:00 PM', 8, NULL, 1),
(1, 1, 2, '2016-05-01 08:00:00 AM', '2016-05-01 08:30:00 PM', 8, NULL, 1),
(1, 1, 2, '2016-05-05 08:00:00 AM', '2016-05-05 08:30:00 PM', 8, NULL, 1),
(1, 1, 2, '2016-05-09 08:00:00 AM', '2016-05-09 08:30:00 PM', 8, NULL, 1),
(1, 1, 2, '2016-05-10 08:00:00 AM', '2016-05-10 08:30:00 PM', 8, NULL, 1),
(1, 1, 2, '2016-05-12 08:00:00 AM', '2016-05-12 08:30:00 PM', 8, NULL, 1),
(1, 1, 2, '2016-05-16 08:00:00 AM', '2016-05-16 08:30:00 PM', 8, NULL, 1),
(1, 1, 2, '2016-05-17 08:00:00 AM', '2016-05-17 08:30:00 PM', 8, NULL, 1),
(1, 1, 2, '2016-05-18 08:00:00 AM', '2016-05-18 08:30:00 PM', 8, NULL, 1),
(1, 1, 2, '2016-05-21 08:00:00 AM', '2016-05-21 08:30:00 PM', 8, NULL, 1),
(1, 1, 2, '2016-05-22 08:00:00 AM', '2016-05-22 08:30:00 PM', 8, NULL, 1),
(1, 1, 2, '2016-05-27 08:00:00 AM', '2016-05-27 08:30:00 PM', 8, NULL, 1),
(1, 1, 2, '2016-05-28 08:00:00 AM', '2016-05-28 08:30:00 PM', 8, NULL, 1),
(1, 1, 2, '2016-05-29 08:00:00 AM', '2016-05-29 08:30:00 PM', 8, NULL, 1),
(1, 1, 2, '2016-06-02 08:00:00 AM', '2016-06-02 08:30:00 PM', 8, NULL, 1),
(1, 1, 2, '2016-06-06 08:00:00 AM', '2016-06-06 08:30:00 PM', 8, NULL, 1),
(1, 1, 2, '2016-06-07 08:00:00 AM', '2016-06-07 08:30:00 PM', 8, NULL, 1),
(1, 1, 2, '2016-06-09 08:00:00 AM', '2016-06-09 08:30:00 PM', 8, NULL, 1),
(1, 1, 2, '2016-06-13 08:00:00 AM', '2016-06-13 08:30:00 PM', 8, NULL, 1),
(1, 1, 2, '2016-06-14 08:00:00 AM', '2016-06-14 08:30:00 PM', 8, NULL, 1),
(1, 1, 2, '2016-06-15 08:00:00 AM', '2016-06-15 08:30:00 PM', 8, NULL, 1),
(1, 1, 2, '2016-06-18 08:00:00 AM', '2016-06-18 08:30:00 PM', 8, NULL, 1),
(1, 1, 2, '2016-06-19 08:00:00 AM', '2016-06-19 08:30:00 PM', 8, NULL, 1),

-- Beth Cusack
(1, 1, 2, '2016-03-11 08:00:00 AM', '2016-03-11 08:30:00 PM', 9, NULL, 1),
(1, 1, 2, '2016-03-18 08:00:00 AM', '2016-03-18 08:30:00 PM', 9, NULL, 1),
(1, 1, 2, '2016-03-19 08:00:00 AM', '2016-03-19 08:30:00 PM', 9, NULL, 1),
(1, 1, 1, '2016-03-23 08:00:00 AM', '2016-03-23 08:30:00 PM', 9, NULL, 1),
(1, 1, 2, '2016-03-25 08:00:00 AM', '2016-03-25 08:30:00 PM', 9, NULL, 1),
(1, 1, 1, '2016-03-26 08:00:00 AM', '2016-03-26 08:30:00 PM', 9, NULL, 1),
(1, 1, 2, '2016-03-30 08:00:00 AM', '2016-03-30 08:30:00 PM', 9, NULL, 1),
(1, 1, 2, '2016-03-31 08:00:00 AM', '2016-03-31 08:30:00 PM', 9, NULL, 1),
(1, 1, 2, '2016-04-05 08:00:00 AM', '2016-04-05 08:30:00 PM', 9, NULL, 1),
(1, 1, 2, '2016-04-08 08:00:00 AM', '2016-04-08 08:30:00 PM', 9, NULL, 1),
(1, 1, 2, '2016-04-15 08:00:00 AM', '2016-04-15 08:30:00 PM', 9, NULL, 1),
(1, 1, 2, '2016-04-16 08:00:00 AM', '2016-04-16 08:30:00 PM', 9, NULL, 1),
(1, 1, 2, '2016-04-22 08:00:00 AM', '2016-04-22 08:30:00 PM', 9, NULL, 1),
(1, 1, 2, '2016-05-06 08:00:00 AM', '2016-05-06 08:30:00 PM', 9, NULL, 1),
(1, 1, 2, '2016-05-13 08:00:00 AM', '2016-05-13 08:30:00 PM', 9, NULL, 1),
(1, 1, 1, '2016-05-14 08:00:00 AM', '2016-05-14 08:30:00 PM', 9, NULL, 1),
(1, 1, 2, '2016-05-20 08:00:00 AM', '2016-05-20 08:30:00 PM', 9, NULL, 1),
(1, 1, 1, '2016-05-21 08:00:00 AM', '2016-05-21 08:30:00 PM', 9, NULL, 1),
(1, 1, 2, '2016-06-03 08:00:00 AM', '2016-06-03 08:30:00 PM', 9, NULL, 1),
(1, 1, 1, '2016-06-07 08:00:00 AM', '2016-06-07 08:30:00 PM', 9, NULL, 1),
(1, 1, 2, '2016-06-08 08:00:00 AM', '2016-06-08 08:30:00 PM', 9, NULL, 1),
(1, 1, 2, '2016-06-10 08:00:00 AM', '2016-06-10 08:30:00 PM', 9, NULL, 1),
(1, 1, 2, '2016-06-11 08:00:00 AM', '2016-06-11 08:30:00 PM', 9, NULL, 1),
(1, 1, 1, '2016-06-15 08:00:00 AM', '2016-06-15 08:30:00 PM', 9, NULL, 1),
(1, 1, 2, '2016-06-17 08:00:00 AM', '2016-06-17 08:30:00 PM', 9, NULL, 1),
(1, 1, 1, '2016-06-18 08:00:00 AM', '2016-06-18 08:30:00 PM', 9, NULL, 1),

-- Smolley Gosho
(1, 2, 1, '2016-03-12 08:00:00 PM', '2016-03-13 08:30:00 AM', 10, NULL, 1),

-- Felix Manyeku
(1, 2, 2, '2016-03-21 08:00:00 PM', '2016-03-22 08:30:00 AM', 11, NULL, 1),
(1, 2, 2, '2016-03-22 08:00:00 PM', '2016-03-23 08:30:00 AM', 11, NULL, 1),
(1, 2, 2, '2016-03-29 08:00:00 PM', '2016-03-30 08:30:00 AM', 11, NULL, 1),
(1, 2, 1, '2016-04-15 08:00:00 PM', '2016-04-16 08:30:00 AM', 11, NULL, 1),
(1, 2, 1, '2016-04-16 08:00:00 PM', '2016-04-17 08:30:00 AM', 11, NULL, 1),
(1, 2, 2, '2016-04-20 08:00:00 PM', '2016-04-21 08:30:00 AM', 11, NULL, 1),
(1, 2, 2, '2016-04-21 08:00:00 PM', '2016-04-22 08:30:00 AM', 11, NULL, 1),
(1, 2, 2, '2016-04-23 08:00:00 PM', '2016-04-24 08:30:00 AM', 11, NULL, 1),
(1, 2, 2, '2016-04-27 08:00:00 PM', '2016-04-28 08:30:00 AM', 11, NULL, 1),
(1, 2, 2, '2016-04-28 08:00:00 PM', '2016-04-29 08:30:00 AM', 11, NULL, 1),
(1, 2, 2, '2016-05-03 08:00:00 PM', '2016-05-04 08:30:00 AM', 11, NULL, 1),
(1, 2, 2, '2016-05-04 08:00:00 PM', '2016-05-05 08:30:00 AM', 11, NULL, 1),
(1, 2, 2, '2016-05-05 08:00:00 PM', '2016-05-06 08:30:00 AM', 11, NULL, 1),
(1, 2, 2, '2016-05-08 08:00:00 PM', '2016-05-09 08:30:00 AM', 11, NULL, 1),
(1, 2, 2, '2016-05-09 08:00:00 PM', '2016-05-10 08:30:00 AM', 11, NULL, 1),
(1, 2, 2, '2016-05-13 08:00:00 PM', '2016-05-14 08:30:00 AM', 11, NULL, 1),
(1, 2, 2, '2016-05-14 08:00:00 PM', '2016-05-15 08:30:00 AM', 11, NULL, 1),
(1, 2, 2, '2016-05-15 08:00:00 PM', '2016-05-16 08:30:00 AM', 11, NULL, 1),
(1, 2, 2, '2016-05-20 08:00:00 PM', '2016-05-21 08:30:00 AM', 11, NULL, 1),
(1, 2, 2, '2016-05-21 08:00:00 PM', '2016-05-22 08:30:00 AM', 11, NULL, 1),
(1, 2, 2, '2016-05-25 08:00:00 PM', '2016-05-26 08:30:00 AM', 11, NULL, 1),
(1, 2, 2, '2016-05-26 08:00:00 PM', '2016-05-27 08:30:00 AM', 11, NULL, 1),
(1, 2, 2, '2016-05-31 08:00:00 PM', '2016-06-01 08:30:00 AM', 11, NULL, 1),
(1, 2, 2, '2016-06-01 08:00:00 PM', '2016-06-02 08:30:00 AM', 11, NULL, 1),
(1, 2, 2, '2016-06-02 08:00:00 PM', '2016-06-03 08:30:00 AM', 11, NULL, 1),
(1, 2, 2, '2016-06-05 08:00:00 PM', '2016-06-06 08:30:00 AM', 11, NULL, 1),
(1, 2, 2, '2016-06-06 08:00:00 PM', '2016-06-07 08:30:00 AM', 11, NULL, 1),
(1, 2, 2, '2016-06-10 08:00:00 PM', '2016-06-11 08:30:00 AM', 11, NULL, 1),
(1, 2, 2, '2016-06-11 08:00:00 PM', '2016-06-12 08:30:00 AM', 11, NULL, 1),
(1, 2, 2, '2016-06-12 08:00:00 PM', '2016-06-13 08:30:00 AM', 11, NULL, 1),
(1, 2, 2, '2016-06-17 08:00:00 PM', '2016-06-18 08:30:00 AM', 11, NULL, 1),
(1, 2, 2, '2016-06-18 08:00:00 PM', '2016-06-19 08:30:00 AM', 11, NULL, 1)